 ID,DATA E HORA,TQ SUSPENSÃO,VEL_1_RPM, VEL_5_RPM,COZEDOR, TEMP AMOSTRA C°,ASPECTO
12,6/16/2023 4:40:00 PM,Tanque 1001,123200.0,35760.0,Therlet 4,23.0,OK
29,6/19/2023 3:30:00 AM,Tanque 1003,122800.0,35120.0,Therlet 4,22.0,OK
38,6/20/2023 1:30:00 AM,Tanque 1002,134000.0,38000.0,Therlet 4,23.0,OK
40,6/20/2023 3:30:00 AM,Tanque 1002,119600.0,35280.0,Therlet 4,24.0,OK
45,6/20/2023 5:41:00 AM,Tanque 1001,148800.0,43520.0,Therlet 4,24.0,OK
51,6/20/2023 10:30:00 PM,Tanque 1002,127600.0,36560.0,Therlet 4,24.0,OK
47,6/20/2023 10:33:00 PM,Tanque 1002,127600.0,36560.0,Therlet 4,24.0,OK
53,6/21/2023 12:30:00 AM,Tanque 1002,119200.0,34000.0,Therlet 4,24.0,OK
56,6/21/2023 2:30:00 AM,Tanque 1001,132400.0,39360.0,Therlet 4,24.0,OK
60,6/21/2023 4:30:00 AM,Tanque 1001,130000.0,39040.0,Therlet 4,25.0,OK
63,6/21/2023 2:30:00 PM,Tanque 1001,138800.0,39520.0,Therlet 4,25.0,OK
67,6/21/2023 4:30:00 PM,Tanque 1002,145200.0,41320.0,Therlet 4,25.0,OK
72,6/21/2023 6:30:00 PM,Tanque 1002,146800.0,40640.0,Therlet 4,25.0,OK
76,6/21/2023 8:30:00 PM,Tanque 1001,151000.0,44600.0,Therlet 4,23.0,OK
79,6/21/2023 10:30:00 PM,Tanque 1003,137600.0,40080.0,Therlet 4,25.0,OK
86,6/22/2023 2:30:00 AM,Tanque 1001,122000.0,36160.0,Therlet 4,24.0,OK
90,6/22/2023 4:30:00 AM,Tanque 1002,141200.0,39760.0,Therlet 4,24.0,OK
94,6/22/2023 2:30:00 PM,Tanque 1001,132800.0,37440.0,Therlet 4,24.0,OK
98,6/22/2023 4:30:00 PM,Tanque 1001,146800.0,40320.0,Therlet 4,24.0,OK
102,6/22/2023 6:35:00 PM,Tanque 1003,132400.0,38400.0,Therlet 4,23.0,OK
105,6/22/2023 8:30:00 PM,Tanque 1002,142800.0,38080.0,Therlet 4,26.0,OK
106,6/22/2023 9:30:00 PM,Tanque 1002,139600.0,40080.0,Therlet 4,25.0,OK
107,6/22/2023 10:30:00 PM,Tanque 1003,132000.0,39960.0,Therlet 4,24.0,OK
112,6/23/2023 12:30:00 AM,Tanque 1002,125600.0,36000.0,Therlet 4,25.0,OK
116,6/23/2023 2:30:00 AM,Tanque 1001,152000.0,41520.0,Therlet 4,25.0,OK
120,6/23/2023 4:30:00 AM,Tanque 1001,132800.0,38320.0,Therlet 4,25.0,OK
124,6/23/2023 2:41:00 PM,Tanque 1002,130400.0,36080.0,Therlet 4,25.0,OK
128,6/23/2023 6:33:00 PM,Tanque 1002,125600.0,36320.0,Therlet 4,29.0,OK
129,6/23/2023 6:33:00 PM,Tanque 1002,125600.0,36320.0,Therlet 4,29.0,OK
131,6/23/2023 10:30:00 PM,Tanque 1002,149000.0,39600.0,Therlet 4,25.0,OK
132,6/24/2023 2:15:00 AM,Tanque 1003,128400.0,39440.0,Therlet 4,28.0,OK
133,6/24/2023 2:35:00 PM,Tanque 1001,149600.0,41560.0,Therlet 4,23.0,OK
134,6/24/2023 3:28:00 PM,Tanque 1001,144400.0,41120.0,Therlet 4,23.0,OK
135,6/24/2023 4:42:00 PM,Tanque 1001,130800.0,40480.0,Therlet 4,28.0,OK
136,6/24/2023 5:30:00 PM,Tanque 1002,132400.0,41200.0,Therlet 4,23.0,OK
137,6/24/2023 6:30:00 PM,Tanque 1002,147200.0,43840.0,Therlet 4,29.0,OK
138,6/24/2023 10:30:00 PM,Tanque 1001,123200.0,37200.0,Therlet 4,24.0,OK
139,6/24/2023 11:30:00 PM,Tanque 1001,137200.0,41280.0,Therlet 4,22.0,OK
140,6/25/2023 12:30:00 AM,Tanque 1001,130400.0,39920.0,Therlet 4,22.0,OK
141,6/25/2023 1:30:00 AM,Tanque 1001,131600.0,40240.0,Therlet 4,25.0,OK
142,6/25/2023 2:30:00 AM,Tanque 1002,139200.0,41360.0,Therlet 4,22.0,OK
143,6/25/2023 3:30:00 AM,Tanque 1002,132800.0,41120.0,Therlet 4,22.0,OK
144,6/25/2023 4:30:00 AM,Tanque 1003,137600.0,41760.0,Therlet 4,22.0,OK
145,6/25/2023 5:30:00 AM,Tanque 1003,129200.0,39520.0,Therlet 4,22.0,OK
158,6/26/2023 3:30:00 PM,Tanque 1002,138400.0,43280.0,Therlet 4,23.0,OK
160,6/26/2023 5:30:00 PM,Tanque 1003,141600.0,42320.0,Therlet 4,23.0,OK
164,6/26/2023 9:41:00 PM,Tanque 1001,136200.0,40440.0,Therlet 4,23.0,OK
169,6/26/2023 11:30:00 PM,Tanque 1003,139200.0,42320.0,Therlet 4,23.0,OK
173,6/27/2023 1:30:00 AM,Tanque 1002,141200.0,42560.0,Therlet 4,23.0,OK
175,6/27/2023 2:30:00 AM,Tanque 1003,134000.0,40960.0,Therlet 4,22.0,OK
177,6/27/2023 3:30:00 AM,Tanque 1001,137200.0,41360.0,Therlet 4,23.0,OK
179,6/27/2023 4:30:00 AM,Tanque 1002,141200.0,42320.0,Therlet 4,23.0,OK
182,6/27/2023 5:30:00 AM,Tanque 1002,143200.0,42080.0,Therlet 4,23.0,OK
183,6/27/2023 2:30:00 PM,Tanque 1003,132400.0,39200.0,Therlet 4,24.0,OK
186,6/27/2023 3:30:00 PM,Tanque 1001,137200.0,42080.0,Therlet 4,23.0,OK
189,6/27/2023 4:30:00 PM,Tanque 1002,146800.0,42960.0,Therlet 4,23.0,OK
191,6/27/2023 5:30:00 PM,Tanque 1002,145600.0,44880.0,Therlet 4,23.0,OK
195,6/27/2023 7:30:00 PM,Tanque 1001,145200.0,43040.0,Therlet 4,23.0,OK
199,6/27/2023 9:31:00 PM,Tanque 1003,148800.0,44080.0,Therlet 4,23.0,OK
203,6/27/2023 11:30:00 PM,Tanque 1002,146000.0,44000.0,Therlet 4,26.0,OK
206,6/28/2023 1:30:00 AM,Tanque 1001,137600.0,41280.0,Therlet 4,27.0,OK
294,7/2/2023 11:30:00 PM,Tanque 1002,138800.0,40400.0,Therlet 4,27.0,OK
298,7/3/2023 3:30:00 AM,Tanque 1001,136800.0,40480.0,Therlet 4,24.0,OK
303,7/3/2023 2:29:00 PM,Tanque 1002,134800.0,40480.0,Therlet 4,29.0,OK
308,7/3/2023 4:33:00 PM,Tanque 1001,144000.0,42960.0,Therlet 4,23.0,OK
312,7/3/2023 6:30:00 PM,Tanque 1002,134800.0,40960.0,Therlet 4,23.0,OK
331,7/4/2023 5:30:00 AM,Tanque 1003,136400.0,40400.0,Therlet 4,27.0,OK
335,7/4/2023 7:30:00 AM,Tanque 1003,132400.0,38150.0,Therlet 4,23.0,OK
339,7/4/2023 9:30:00 AM,Tanque 1002,123180.0,33040.0,Therlet 4,26.0,OK
343,7/4/2023 11:30:00 AM,Tanque 1002,120200.0,37750.0,Therlet 4,24.0,OK
345,7/4/2023 12:30:00 PM,Tanque 1003,132610.0,35120.0,Therlet 4,21.0,OK
347,7/4/2023 1:30:00 PM,Tanque 1001,127400.0,37600.0,Therlet 4,23.0,OK
350,7/4/2023 2:30:00 PM,Tanque 1002,136800.0,42320.0,Therlet 4,23.0,OK
348,7/4/2023 2:30:00 PM,Tanque 1001,142400.0,43760.0,Therlet 4,23.0,OK
357,7/4/2023 6:30:00 PM,Tanque 1001,137200.0,41300.0,Therlet 4,23.0,OK
356,7/4/2023 6:31:00 PM,Tanque 1001,137200.0,41300.0,Therlet 4,24.0,OK
362,7/4/2023 9:30:00 PM,Tanque 1002,115200.0,34560.0,Therlet 4,23.0,OK
321,7/4/2023 11:30:00 PM,Tanque 1003,142800.0,42800.0,Therlet 4,27.0,OK
374,7/5/2023 3:30:00 AM,Tanque 1002,138000.0,41200.0,Therlet 4,26.0,OK
382,7/5/2023 7:30:00 AM,Tanque 1003,128200.0,38000.0,Therlet 4,27.0,OK
383,7/5/2023 3:30:00 PM,Tanque 1002,140800.0,39680.0,Therlet 4,23.0,OK
389,7/5/2023 5:30:00 PM,Tanque 1002,140000.0,41200.0,Therlet 4,24.0,OK
392,7/5/2023 7:30:00 PM,Tanque 1001,150000.0,39680.0,Therlet 4,25.0,OK
396,7/5/2023 9:30:00 PM,Tanque 1001,135200.0,40240.0,Therlet 4,25.0,OK
403,7/6/2023 2:30:00 PM,Tanque 1001,144000.0,38150.0,Therlet 4,25.0,OK
410,7/6/2023 5:30:00 PM,Tanque 1002,140000.0,38600.0,Therlet 4,24.0,OK
416,7/6/2023 7:30:00 PM,Tanque 1001,138800.0,38150.0,Therlet 4,23.0,OK
419,7/6/2023 9:30:00 PM,Tanque 1003,142800.0,42480.0,Therlet 4,23.0,OK
427,7/7/2023 7:30:00 AM,Tanque 1002,132400.0,37250.0,Therlet 4,23.0,OK
429,7/7/2023 8:30:00 AM,Tanque 1003,130880.0,38200.0,Therlet 4,25.0,OK
433,7/7/2023 10:30:00 AM,Tanque 1003,130480.0,37800.0,Therlet 4,25.0,OK
438,7/7/2023 12:30:00 PM,Tanque 1002,131200.0,35080.0,Therlet 4,25.0,OK
444,7/7/2023 2:30:00 PM,Tanque 1002,140000.0,39760.0,Therlet 4,25.0,OK
448,7/7/2023 4:32:00 PM,Tanque 1001,134800.0,41680.0,Therlet 4,23.0,OK
452,7/7/2023 6:30:00 PM,Tanque 1001,145600.0,42160.0,Therlet 4,23.0,OK
456,7/7/2023 8:32:00 PM,Tanque 1003,146400.0,41440.0,Therlet 4,24.0,OK
459,7/7/2023 10:30:00 PM,Tanque 1002,130800.0,42000.0,Therlet 4,23.0,OK
463,7/8/2023 12:30:00 AM,Tanque 1001,136400.0,40960.0,Therlet 4,23.0,OK
465,7/8/2023 1:30:00 AM,Tanque 1002,135600.0,41200.0,Therlet 4,24.0,OK
466,7/8/2023 2:30:00 AM,Tanque 1002,147600.0,43520.0,Therlet 4,23.0,OK
467,7/8/2023 3:30:00 AM,Tanque 1003,150800.0,42480.0,Therlet 4,23.0,OK
471,7/8/2023 5:30:00 AM,Tanque 1001,144800.0,41760.0,Therlet 4,23.0,OK
475,7/8/2023 7:30:00 AM,Tanque 1002,130300.0,38600.0,Therlet 4,23.0,OK
478,7/8/2023 2:30:00 PM,Tanque 1002,130800.0,39520.0,Therlet 4,25.0,OK
481,7/8/2023 4:30:00 PM,Tanque 1002,117200.0,36960.0,Therlet 4,26.0,OK
485,7/8/2023 6:32:00 PM,Tanque 1003,139200.0,34240.0,Therlet 4,24.0,OK
486,7/8/2023 9:30:00 PM,Tanque 1002,118400.0,36520.0,Therlet 4,24.0,OK
489,7/8/2023 11:30:00 PM,Tanque 1003,142400.0,40880.0,Therlet 4,24.0,OK
491,7/9/2023 1:30:00 AM,Tanque 1003,133200.0,39920.0,Therlet 4,24.0,OK
492,7/9/2023 1:30:00 AM,Tanque 1003,133200.0,39920.0,Therlet 4,23.0,OK
494,7/9/2023 3:30:00 AM,Tanque 1001,143000.0,43440.0,Therlet 4,24.0,OK
495,7/9/2023 3:30:00 AM,Tanque 1001,143000.0,43440.0,Therlet 4,24.0,OK
498,7/9/2023 5:30:00 AM,Tanque 1003,141200.0,41920.0,Therlet 4,24.0,OK
499,7/9/2023 2:31:00 PM,Tanque 1001,124000.0,36400.0,Therlet 4,25.0,OK
502,7/9/2023 4:34:00 PM,Tanque 1003,135200.0,37920.0,Therlet 4,24.0,OK
506,7/9/2023 6:30:00 PM,Tanque 1002,131700.0,44080.0,Therlet 4,25.0,OK
507,7/9/2023 7:32:00 PM,Tanque 1003,136400.0,43520.0,Therlet 4,23.0,OK
508,7/9/2023 8:27:00 PM,Tanque 1003,139200.0,38000.0,Therlet 4,23.0,OK
512,7/9/2023 11:30:00 PM,Tanque 1002,140000.0,41360.0,Therlet 4,28.0,OK
517,7/10/2023 1:30:00 AM,Tanque 1002,135200.0,39120.0,Therlet 4,29.0,OK
521,7/10/2023 3:30:00 AM,Tanque 1001,128000.0,38240.0,Therlet 4,26.0,OK
525,7/10/2023 5:30:00 AM,Tanque 1001,141200.0,40480.0,Therlet 4,24.0,OK
529,7/10/2023 3:34:00 PM,Tanque 1002,134000.0,39600.0,Therlet 4,25.0,OK
534,7/10/2023 6:29:00 PM,Tanque 1001,133600.0,38400.0,Therlet 4,24.0,OK
540,7/10/2023 9:32:00 PM,Tanque 1002,135600.0,39200.0,Therlet 4,25.0,OK
549,7/11/2023 1:30:00 AM,Tanque 1003,127200.0,38720.0,Therlet 4,28.0,OK
554,7/11/2023 4:30:00 AM,Tanque 1001,143200.0,42320.0,Therlet 4,24.0,OK
558,7/11/2023 6:30:00 AM,Tanque 1001,129000.0,37600.0,Therlet 4,24.0,OK
564,7/11/2023 3:33:00 PM,Tanque 1002,129200.0,37360.0,Therlet 4,23.0,OK
569,7/11/2023 6:22:00 PM,Tanque 1002,145600.0,38080.0,Therlet 4,26.0,OK
576,7/11/2023 9:32:00 PM,Tanque 1003,139200.0,41040.0,Therlet 4,25.0,OK
582,7/12/2023 12:30:00 AM,Tanque 1002,131600.0,39840.0,Therlet 4,25.0,OK
592,7/12/2023 3:30:00 AM,Tanque 1001,130400.0,39200.0,Therlet 4,25.0,OK
596,7/12/2023 7:30:00 AM,Tanque 1003,126600.0,38000.0,Therlet 4,25.0,OK
600,7/12/2023 9:30:00 AM,Tanque 1003,124200.0,34080.0,Therlet 4,25.0,OK
603,7/12/2023 12:30:00 PM,Tanque 1002,131600.0,38880.0,Therlet 4,23.0,OK
607,7/12/2023 2:38:00 PM,Tanque 1001,126400.0,38880.0,Therlet 4,28.0,OK
611,7/12/2023 4:30:00 PM,Tanque 1003,134600.0,42720.0,Therlet 4,25.0,OK
615,7/12/2023 6:30:00 PM,Tanque 1003,134000.0,37400.0,Therlet 4,24.0,OK
621,7/12/2023 9:31:00 PM,Tanque 1002,134520.0,40960.0,Therlet 4,23.0,OK
627,7/13/2023 12:30:00 AM,Tanque 1003,135200.0,39450.0,Therlet 4,24.0,OK
631,7/13/2023 2:30:00 AM,Tanque 1003,125200.0,38640.0,Therlet 4,24.0,OK
637,7/13/2023 5:30:00 AM,Tanque 1001,132000.0,37520.0,Therlet 4,24.0,OK
642,7/13/2023 11:30:00 AM,Tanque 1002,127450.0,37000.0,Therlet 4,25.0,OK
646,7/13/2023 1:30:00 PM,Tanque 1003,130500.0,38330.0,Therlet 4,25.0,OK
647,7/13/2023 2:30:00 PM,Tanque 1001,133600.0,40240.0,Therlet 4,23.0,OK
651,7/13/2023 4:30:00 PM,Tanque 1003,134800.0,40880.0,Therlet 4,23.0,OK
655,7/13/2023 6:30:00 PM,Tanque 1002,133600.0,39840.0,Therlet 4,23.0,OK
660,7/13/2023 8:35:00 PM,Tanque 1002,150400.0,43040.0,Therlet 4,24.0,OK
665,7/14/2023 12:37:00 AM,Tanque 1003,133200.0,38200.0,Therlet 4,24.0,OK
669,7/14/2023 2:30:00 AM,Tanque 1003,134400.0,40480.0,Therlet 4,25.0,OK
674,7/14/2023 4:30:00 AM,Tanque 1002,122000.0,38960.0,Therlet 4,24.0,OK
682,7/14/2023 8:37:00 AM,Tanque 1003,117700.0,35250.0,Therlet 4,25.0,OK
686,7/14/2023 9:30:00 AM,Tanque 1003,130500.0,37640.0,Therlet 4,25.0,OK
690,7/14/2023 11:30:00 AM,Tanque 1002,124300.0,36800.0,Therlet 4,24.0,OK
695,7/14/2023 2:30:00 PM,Tanque 1002,131600.0,37680.0,Therlet 4,23.0,OK
698,7/14/2023 4:30:00 PM,Tanque 1002,148800.0,41760.0,Therlet 4,23.0,OK
700,7/14/2023 6:30:00 PM,Tanque 1003,149750.0,42000.0,Therlet 4,23.0,OK
704,7/14/2023 11:30:00 PM,Tanque 1002,142000.0,40480.0,Therlet 4,24.0,OK
707,7/15/2023 12:30:00 AM,Tanque 1002,131600.0,39840.0,Therlet 4,24.0,OK
709,7/15/2023 1:30:00 AM,Tanque 1002,134400.0,42800.0,Therlet 4,23.0,OK
713,7/15/2023 5:55:00 AM,Tanque 1001,129200.0,36160.0,Therlet 4,25.0,OK
714,7/15/2023 6:30:00 AM,Tanque 1002,124400.0,37500.0,Therlet 4,24.0,OK
715,7/15/2023 7:30:00 AM,Tanque 1002,127600.0,37150.0,Therlet 4,25.0,OK
735,7/15/2023 5:35:00 PM,Tanque 1003,137200.0,42160.0,Therlet 4,23.0,OK
739,7/15/2023 7:33:00 PM,Tanque 1002,128000.0,42280.0,Therlet 4,23.0,OK
743,7/15/2023 9:33:00 PM,Tanque 1001,128400.0,40320.0,Therlet 4,23.0,OK
746,7/15/2023 11:30:00 PM,Tanque 1001,141100.0,44720.0,Therlet 4,23.0,OK
748,7/16/2023 1:30:00 AM,Tanque 1003,153000.0,40480.0,Therlet 4,23.0,OK
749,7/16/2023 2:30:00 AM,Tanque 1001,148000.0,43600.0,Therlet 4,24.0,OK
750,7/16/2023 3:30:00 AM,Tanque 1001,151100.0,44300.0,Therlet 4,24.0,OK
752,7/16/2023 4:30:00 AM,Tanque 1002,152800.0,44800.0,Therlet 4,25.0,OK
755,7/16/2023 6:30:00 AM,Tanque 1003,136400.0,136400.0,Therlet 4,25.0,OK
757,7/16/2023 7:30:00 AM,Tanque 1001,130500.0,38200.0,Therlet 4,25.0,OK
759,7/16/2023 8:30:00 AM,Tanque 1002,125000.0,33180.0,Therlet 4,25.0,OK
763,7/16/2023 10:30:00 AM,Tanque 1001,126710.0,39400.0,Therlet 4,25.0,OK
766,7/16/2023 11:30:00 AM,Tanque 1001,109600.0,36400.0,Therlet 4,25.0,OK
768,7/16/2023 12:30:00 PM,Tanque 1002,119450.0,37600.0,Therlet 4,26.0,OK
774,7/16/2023 3:33:00 PM,Tanque 1003,139200.0,39440.0,Therlet 4,26.0,OK
776,7/16/2023 4:33:00 PM,Tanque 1001,152000.0,41760.0,Therlet 4,23.0,OK
778,7/16/2023 5:33:00 PM,Tanque 1002,142800.0,40720.0,Therlet 4,23.0,OK
780,7/16/2023 8:30:00 PM,Tanque 1001,131600.0,37600.0,Therlet 4,25.0,OK
785,7/17/2023 6:30:00 AM,Tanque 1001,132120.0,40000.0,Therlet 4,24.0,OK
787,7/17/2023 7:30:00 AM,Tanque 1002,126180.0,34120.0,Therlet 4,25.0,OK
789,7/17/2023 8:20:00 AM,Tanque 1003,134900.0,34440.0,Therlet 4,24.0,OK
794,7/17/2023 2:30:00 PM,Tanque 1002,130000.0,39360.0,Therlet 4,26.0,OK
795,7/17/2023 2:33:00 PM,Tanque 1002,134800.0,38480.0,Therlet 4,26.0,OK
798,7/17/2023 4:33:00 PM,Tanque 1001,117600.0,37120.0,Therlet 4,25.0,OK
802,7/17/2023 6:31:00 PM,Tanque 1001,128400.0,38440.0,Therlet 4,26.0,OK
806,7/17/2023 8:30:00 PM,Tanque 1002,138800.0,40800.0,Therlet 4,25.0,OK
810,7/17/2023 10:30:00 PM,Tanque 1001,138000.0,38880.0,Therlet 4,25.0,OK
815,7/18/2023 12:30:00 AM,Tanque 1001,152400.0,43040.0,Therlet 4,25.0,OK
825,7/18/2023 8:30:00 AM,Tanque 1001,129120.0,40960.0,Therlet 4,24.0,OK
829,7/18/2023 10:25:00 AM,Tanque 1003,130000.0,36020.0,Therlet 4,22.0,OK
831,7/18/2023 11:30:00 AM,Tanque 1001,145000.0,39450.0,Therlet 4,26.0,OK
835,7/18/2023 1:30:00 PM,Tanque 1003,136000.0,37000.0,Therlet 4,22.0,OK
836,7/18/2023 2:30:00 PM,Tanque 1002,124000.0,35760.0,Therlet 4,25.0,OK
842,7/18/2023 5:27:00 PM,Tanque 1002,136000.0,38800.0,Therlet 4,23.0,OK
844,7/18/2023 6:30:00 PM,Tanque 1003,142800.0,38800.0,Therlet 4,23.0,OK
848,7/18/2023 8:31:00 PM,Tanque 1001,139200.0,41040.0,Therlet 4,29.0,OK
851,7/18/2023 9:35:00 PM,Tanque 1001,132000.0,37360.0,Therlet 4,29.0,OK
853,7/18/2023 10:30:00 PM,Tanque 1002,146000.0,41920.0,Therlet 4,21.0,OK
866,7/19/2023 8:30:00 AM,Tanque 1001,114090.0,38220.0,Therlet 4,23.0,OK
870,7/19/2023 10:30:00 AM,Tanque 1003,119000.0,34180.0,Therlet 4,22.0,OK
875,7/19/2023 2:31:00 PM,Tanque 1002,144000.0,40560.0,Therlet 4,25.0,OK
882,7/19/2023 6:37:00 PM,Tanque 1001,137600.0,40720.0,Therlet 4,23.0,OK
886,7/19/2023 8:33:00 PM,Tanque 1002,150800.0,43200.0,Therlet 4,23.0,OK
888,7/19/2023 9:34:00 PM,Tanque 1001,140120.0,41680.0,Therlet 4,23.0,OK
893,7/20/2023 12:30:00 AM,Tanque 1002,136800.0,39920.0,Therlet 4,24.0,OK
899,7/20/2023 3:30:00 AM,Tanque 1003,125200.0,36800.0,Therlet 4,24.0,OK
900,7/20/2023 4:30:00 AM,Tanque 1001,124800.0,36000.0,Therlet 4,24.0,OK
901,7/20/2023 5:30:00 AM,Tanque 1001,126800.0,37520.0,Therlet 4,24.0,OK
904,7/20/2023 6:30:00 AM,Tanque 1002,130400.0,37250.0,Therlet 4,24.0,OK
905,7/20/2023 7:30:00 AM,Tanque 1003,125500.0,38140.0,Therlet 4,25.0,OK
912,7/20/2023 9:30:00 AM,Tanque 1002,132150.0,37500.0,Therlet 4,24.0,OK
910,7/20/2023 11:30:00 AM,Tanque 1001,127700.0,37400.0,Therlet 4,23.0,OK
916,7/20/2023 12:30:00 PM,Tanque 1001,129000.0,33040.0,Therlet 4,21.0,OK
918,7/20/2023 1:30:00 PM,Tanque 1002,138450.0,39000.0,Therlet 4,23.0,OK
922,7/20/2023 3:33:00 PM,Tanque 1003,136800.0,38240.0,Therlet 4,25.0,OK
925,7/20/2023 5:30:00 PM,Tanque 1002,150400.0,40240.0,Therlet 4,24.0,OK
930,7/20/2023 7:31:00 PM,Tanque 1003,130800.0,37040.0,Therlet 4,25.0,OK
933,7/20/2023 9:33:00 PM,Tanque 1003,152400.0,43920.0,Therlet 4,25.0,OK
939,7/21/2023 1:30:00 AM,Tanque 1002,146400.0,43440.0,Therlet 4,23.0,OK
942,7/21/2023 4:30:00 AM,Tanque 1002,145200.0,42640.0,Therlet 4,23.0,OK
946,7/21/2023 7:30:00 AM,Tanque 1003,132400.0,38640.0,Therlet 4,23.0,OK
950,7/21/2023 9:31:00 AM,Tanque 1002,135600.0,38800.0,Therlet 4,24.0,OK
954,7/21/2023 11:31:00 AM,Tanque 1001,137300.0,38660.0,Therlet 4,24.0,OK
958,7/21/2023 1:30:00 PM,Tanque 1003,133300.0,39500.0,Therlet 4,25.0,OK
959,7/21/2023 2:30:00 PM,Tanque 1001,133000.0,39800.0,Therlet 4,26.0,OK
962,7/21/2023 5:30:00 PM,Tanque 1003,141600.0,43040.0,Therlet 4,24.0,OK
968,7/21/2023 10:31:00 PM,Tanque 1002,151200.0,44100.0,Therlet 4,22.0,OK
972,7/22/2023 12:31:00 AM,Tanque 1001,138800.0,44000.0,Therlet 4,22.0,OK
1005,7/23/2023 12:36:00 PM,Tanque 1003,127700.0,38400.0,Therlet 4,24.0,OK
1009,7/23/2023 2:33:00 PM,Tanque 1002,145600.0,42240.0,Therlet 4,28.0,OK
1011,7/23/2023 3:33:00 PM,Tanque 1002,151600.0,42960.0,Therlet 4,25.0,OK
1013,7/23/2023 4:33:00 PM,Tanque 1003,147200.0,44420.0,Therlet 4,23.0,OK
1017,7/23/2023 6:33:00 PM,Tanque 1002,131200.0,36480.0,Therlet 4,28.0,OK
1020,7/23/2023 8:30:00 PM,Tanque 1003,124500.0,35970.0,Therlet 4,23.0,OK
1023,7/23/2023 9:33:00 PM,Tanque 1002,134700.0,37950.0,Therlet 4,26.0,OK
1026,7/23/2023 11:30:00 PM,Tanque 1001,121900.0,35460.0,Therlet 4,26.0,OK
1027,7/24/2023 12:30:00 AM,Tanque 1002,130900.0,39040.0,Therlet 4,24.0,OK
1030,7/24/2023 3:29:00 AM,Tanque 1001,118100.0,33860.0,Therlet 4,25.0,OK
1032,7/24/2023 5:30:00 AM,Tanque 1002,114900.0,34240.0,Therlet 4,24.0,OK
1036,7/24/2023 7:56:00 AM,Tanque 1002,116600.0,38100.0,Therlet 4,25.0,OK
1040,7/24/2023 8:30:00 AM,Tanque 1002,131800.0,39120.0,Therlet 4,25.0,OK
1044,7/24/2023 10:30:00 AM,Tanque 1002,132200.0,38630.0,Therlet 4,25.0,OK
1038,7/24/2023 11:24:00 AM,Tanque 1002,127600.0,39190.0,Therlet 4,23.0,OK
1050,7/24/2023 3:35:00 PM,Tanque 1003,108200.0,38980.0,Therlet 4,23.0,OK
1054,7/24/2023 5:35:00 PM,Tanque 1002,120000.0,33920.0,Therlet 4,23.0,OK
1060,7/24/2023 8:35:00 PM,Tanque 1003,126100.0,35710.0,Therlet 4,29.0,OK
1063,7/24/2023 10:30:00 PM,Tanque 1001,121300.0,36160.0,Therlet 4,20.0,OK
1068,7/25/2023 12:30:00 AM,Tanque 1002,119000.0,34050.0,Therlet 4,22.0,OK
1070,7/25/2023 2:30:00 AM,Tanque 1003,110400.0,33100.0,Therlet 4,25.0,OK
1073,7/25/2023 5:30:00 AM,Tanque 1001,118100.0,34240.0,Therlet 4,25.0,OK
1075,7/25/2023 2:30:00 PM,Tanque 1002,133400.0,41110.0,Therlet 4,24.0,OK
1079,7/25/2023 4:29:00 PM,Tanque 1001,123200.0,37520.0,Therlet 4,25.0,OK
1088,7/26/2023 12:40:00 AM,Tanque 1001,128800.0,37680.0,Therlet 4,28.0,OK
1091,7/26/2023 2:30:00 AM,Tanque 1003,172000.0,48160.0,Therlet 4,23.0,OK
1095,7/26/2023 5:33:00 AM,Tanque 1002,149600.0,41920.0,Therlet 4,25.0,OK
1102,7/26/2023 7:32:00 AM,Tanque 1001,132000.0,42000.0,Therlet 4,22.0,OK
1104,7/26/2023 8:30:00 AM,Tanque 1002,136000.0,42000.0,Therlet 4,23.0,OK
1106,7/26/2023 9:30:00 AM,Tanque 1003,144360.0,43450.0,Therlet 4,24.0,OK
1112,7/26/2023 11:30:00 AM,Tanque 1002,134600.0,39180.0,Therlet 4,26.0,OK
1116,7/26/2023 1:30:00 PM,Tanque 1001,139750.0,37580.0,Therlet 4,27.0,OK
1120,7/26/2023 3:31:00 PM,Tanque 1003,138800.0,38320.0,Therlet 4,27.0,OK
1123,7/26/2023 6:30:00 PM,Tanque 1003,136400.0,38400.0,Therlet 4,26.0,OK
1127,7/26/2023 7:31:00 PM,Tanque 1002,138800.0,40880.0,Therlet 4,25.0,OK
1141,8/1/2023 12:28:00 AM,Tanque 1002,120400.0,34320.0,Therlet 4,23.0,OK
1142,8/1/2023 1:30:00 AM,Tanque 1003,149600.0,43320.0,Therlet 4,22.0,OK
1148,8/1/2023 3:30:00 AM,Tanque 1003,139000.0,40880.0,Therlet 4,21.0,OK
1149,8/1/2023 3:30:00 AM,Tanque 1003,139000.0,40880.0,Therlet 4,20.0,OK
1152,8/1/2023 5:30:00 AM,Tanque 1002,139200.0,40560.0,Therlet 4,20.0,OK
1310,8/7/2023 12:39:00 AM,Tanque 1003,150800.0,38900.0,Therlet 4,23.0,OK
1283,8/7/2023 2:45:00 AM,Tanque 1003,146000.0,43920.0,Therlet 4,29.0,OK
1286,8/7/2023 4:30:00 AM,Tanque 1001,137200.0,38720.0,Therlet 4,24.0,OK
1290,8/7/2023 7:34:00 AM,Tanque 1001,132200.0,38650.0,Therlet 4,24.0,OK
1292,8/7/2023 2:34:00 PM,Tanque 1002,131600.0,38560.0,Therlet 4,23.0,OK
1296,8/7/2023 4:30:00 PM,Tanque 1001,135000.0,38600.0,Therlet 4,23.0,OK
1298,8/7/2023 5:33:00 PM,Tanque 1002,138800.0,39440.0,Therlet 4,24.0,OK
1302,8/7/2023 7:33:00 PM,Tanque 1002,136800.0,39760.0,Therlet 4,24.0,OK
1306,8/7/2023 9:35:00 PM,Tanque 1001,133600.0,39920.0,Therlet 4,24.0,OK
1314,8/8/2023 1:30:00 AM,Tanque 1003,132000.0,37600.0,Therlet 4,23.0,OK
1318,8/8/2023 3:30:00 AM,Tanque 1003,130400.0,39600.0,Therlet 4,23.0,OK
1321,8/8/2023 5:30:00 AM,Tanque 1001,151200.0,42720.0,Therlet 4,23.0,OK
1325,8/8/2023 3:30:00 PM,Tanque 1002,122800.0,37200.0,Therlet 4,25.0,OK
1326,8/8/2023 4:30:00 PM,Tanque 1003,139200.0,38800.0,Therlet 4,23.0,OK
1330,8/8/2023 6:33:00 PM,Tanque 1002,134800.0,39520.0,Therlet 4,23.0,OK
1333,8/8/2023 8:34:00 PM,Tanque 1001,127200.0,38480.0,Therlet 4,23.0,OK
1336,8/8/2023 9:35:00 PM,Tanque 1002,127600.0,39360.0,Therlet 4,23.0,OK
1339,8/8/2023 10:30:00 PM,Tanque 1003,151600.0,44400.0,Therlet 4,23.0,OK
1345,8/9/2023 1:30:00 AM,Tanque 1003,133600.0,39360.0,Therlet 4,24.0,OK
1349,8/9/2023 3:30:00 AM,Tanque 1003,123600.0,39720.0,Therlet 4,24.0,OK
1350,8/9/2023 4:30:00 AM,Tanque 1003,136000.0,38160.0,Therlet 4,25.0,OK
1354,8/9/2023 4:34:00 PM,Tanque 1003,134800.0,40320.0,Therlet 4,24.0,OK
1357,8/9/2023 6:33:00 PM,Tanque 1002,141600.0,41840.0,Therlet 4,23.0,OK
1360,8/9/2023 8:25:00 PM,Tanque 1003,139600.0,41520.0,Therlet 4,24.0,OK
1363,8/9/2023 9:33:00 PM,Tanque 1002,135200.0,40640.0,Therlet 4,23.0,OK
1369,8/10/2023 12:30:00 AM,Tanque 1002,130000.0,36240.0,Therlet 4,22.0,OK
1372,8/10/2023 2:46:00 AM,Tanque 1001,135000.0,39120.0,Therlet 4,24.0,OK
1376,8/10/2023 4:30:00 AM,Tanque 1003,122000.0,36880.0,Therlet 4,22.0,OK
1381,8/10/2023 3:32:00 PM,Tanque 1001,132800.0,39440.0,Therlet 4,26.0,OK
1383,8/10/2023 4:27:00 PM,Tanque 1002,138000.0,40320.0,Therlet 4,23.0,OK
1385,8/10/2023 5:26:00 PM,Tanque 1003,129200.0,38640.0,Therlet 4,26.0,OK
1387,8/10/2023 6:31:00 PM,Tanque 1001,133600.0,38720.0,Therlet 4,26.0,OK
1389,8/10/2023 7:35:00 PM,Tanque 1002,124800.0,36720.0,Therlet 4,30.0,OK
1391,8/10/2023 8:30:00 PM,Tanque 1002,137600.0,39040.0,Therlet 4,26.0,OK
1393,8/10/2023 9:26:00 PM,Tanque 1003,132000.0,38000.0,Therlet 4,26.0,OK
1394,8/10/2023 10:30:00 PM,Tanque 1001,127200.0,38320.0,Therlet 4,25.0,OK
1397,8/10/2023 11:30:00 PM,Tanque 1002,152400.0,42960.0,Therlet 4,23.0,OK
1366,8/10/2023 11:30:00 PM,Tanque 1001,141200.0,44320.0,Therlet 4,23.0,OK
1400,8/11/2023 1:30:00 AM,Tanque 1001,137600.0,44200.0,Therlet 4,24.0,OK
1404,8/11/2023 3:30:00 AM,Tanque 1003,136400.0,38880.0,Therlet 4,30.0,OK
1407,8/11/2023 5:30:00 AM,Tanque 1002,136000.0,38400.0,Therlet 4,24.0,OK
1409,8/11/2023 2:33:00 PM,Tanque 1003,136400.0,40080.0,Therlet 4,30.0,OK
1410,8/11/2023 4:30:00 PM,Tanque 1001,126400.0,38320.0,Therlet 4,26.0,OK
1413,8/11/2023 5:35:00 PM,Tanque 1002,133000.0,38060.0,Therlet 4,26.0,OK
1415,8/11/2023 6:41:00 PM,Tanque 1003,129200.0,36960.0,Therlet 4,24.0,OK
1421,8/11/2023 9:31:00 PM,Tanque 1001,132400.0,39120.0,Therlet 4,23.0,OK
1425,8/11/2023 11:30:00 PM,Tanque 1001,120400.0,39840.0,Therlet 4,24.0,OK
1432,8/12/2023 2:30:00 AM,Tanque 1002,146800.0,41200.0,Therlet 4,24.0,OK
1435,8/12/2023 4:30:00 AM,Tanque 1001,144000.0,38960.0,Therlet 4,25.0,OK
1438,8/12/2023 5:30:00 AM,Tanque 1002,122800.0,36960.0,Therlet 4,25.0,OK
1441,8/12/2023 2:30:00 PM,Tanque 1002,136400.0,40240.0,Therlet 4,26.0,OK
1447,8/12/2023 4:30:00 PM,Tanque 1001,133600.0,39120.0,Therlet 4,23.0,OK
1450,8/12/2023 6:31:00 PM,Tanque 1001,132400.0,38880.0,Therlet 4,24.0,OK
1454,8/12/2023 9:30:00 PM,Tanque 1003,128400.0,36540.0,Therlet 4,30.0,OK
1456,8/13/2023 2:32:00 PM,Tanque 1002,136000.0,40160.0,Therlet 4,23.0,OK
1459,8/13/2023 4:30:00 PM,Tanque 1003,149200.0,40400.0,Therlet 4,24.0,OK
1464,8/13/2023 6:35:00 PM,Tanque 1001,133200.0,37920.0,Therlet 4,25.0,OK
1467,8/13/2023 8:33:00 PM,Tanque 1003,136800.0,40160.0,Therlet 4,22.0,OK
1469,8/13/2023 9:30:00 PM,Tanque 1001,140000.0,38720.0,Therlet 4,27.0,OK
1472,8/13/2023 10:30:00 PM,Tanque 1002,128800.0,37760.0,Therlet 4,27.0,OK
1474,8/13/2023 11:30:00 PM,Tanque 1002,130800.0,37360.0,Therlet 4,25.0,OK
1479,8/14/2023 2:30:00 AM,Tanque 1003,142400.0,40960.0,Therlet 4,24.0,OK
1483,8/14/2023 4:30:00 AM,Tanque 1002,141200.0,40400.0,Therlet 4,24.0,OK
1485,8/14/2023 2:31:00 PM,Tanque 1002,147800.0,41760.0,Therlet 4,23.0,OK
1490,8/14/2023 5:34:00 PM,Tanque 1002,130600.0,42210.0,Therlet 4,23.0,OK
1492,8/14/2023 7:33:00 PM,Tanque 1001,136600.0,40400.0,Therlet 4,23.0,OK
1494,8/14/2023 9:33:00 PM,Tanque 1003,122400.0,36480.0,Therlet 4,23.0,OK
1501,8/14/2023 11:30:00 PM,Tanque 1003,117600.0,36000.0,Therlet 4,23.0,OK
1504,8/15/2023 2:30:00 AM,Tanque 1001,133600.0,39120.0,Therlet 4,23.0,OK
1507,8/15/2023 3:30:00 AM,Tanque 1003,124000.0,34000.0,Therlet 4,25.0,OK
1509,8/15/2023 5:30:00 AM,Tanque 1002,130000.0,36800.0,Therlet 4,26.0,OK
1513,8/15/2023 3:33:00 PM,Tanque 1001,133200.0,40800.0,Therlet 4,30.0,OK
1514,8/15/2023 4:25:00 PM,Tanque 1001,131200.0,39600.0,Therlet 4,23.0,OK
1516,8/15/2023 5:34:00 PM,Tanque 1002,146000.0,41920.0,Therlet 4,25.0,OK
1520,8/15/2023 7:33:00 PM,Tanque 1001,142800.0,40560.0,Therlet 4,25.0,OK
1524,8/15/2023 9:35:00 PM,Tanque 1001,142800.0,40720.0,Therlet 4,25.0,OK
1529,8/16/2023 12:30:00 AM,Tanque 1001,139600.0,40400.0,Therlet 4,24.0,OK
1533,8/16/2023 2:30:00 AM,Tanque 1001,132000.0,39200.0,Therlet 4,24.0,OK
1537,8/16/2023 4:30:00 AM,Tanque 1002,136800.0,39600.0,Therlet 4,24.0,OK
1543,8/16/2023 5:36:00 PM,Tanque 1001,134000.0,38560.0,Therlet 4,25.0,OK
1547,8/16/2023 7:33:00 PM,Tanque 1001,128000.0,37840.0,Therlet 4,25.0,OK
1551,8/16/2023 9:30:00 PM,Tanque 1001,127200.0,37600.0,Therlet 4,24.0,OK
1555,8/16/2023 11:30:00 PM,Tanque 1001,128400.0,38000.0,Therlet 4,23.0,OK
1559,8/17/2023 1:39:00 AM,Tanque 1003,126400.0,37520.0,Therlet 4,25.0,OK
1563,8/17/2023 3:30:00 AM,Tanque 1003,148400.0,41280.0,Therlet 4,24.0,OK
1566,8/17/2023 5:30:00 AM,Tanque 1002,142000.0,40240.0,Therlet 4,24.0,OK
1568,8/17/2023 3:34:00 PM,Tanque 1002,128400.0,38000.0,Therlet 4,23.0,OK
1570,8/17/2023 5:30:00 PM,Tanque 1003,128400.0,37280.0,Therlet 4,25.0,OK
1573,8/17/2023 8:30:00 PM,Tanque 1003,130800.0,37360.0,Therlet 4,23.0,OK
1578,8/17/2023 11:30:00 PM,Tanque 1003,132600.0,38960.0,Therlet 4,23.0,OK
1580,8/18/2023 1:30:00 AM,Tanque 1002,123600.0,37120.0,Therlet 4,25.0,OK
1583,8/18/2023 3:30:00 AM,Tanque 1001,115600.0,35680.0,Therlet 4,25.0,OK
1585,8/18/2023 5:30:00 AM,Tanque 1003,122000.0,36480.0,Therlet 4,25.0,OK
1587,8/18/2023 6:30:00 AM,Tanque 1003,128000.0,35200.0,Therlet 4,22.0,OK
1590,8/18/2023 7:30:00 AM,Tanque 1001,135800.0,33080.0,Therlet 4,25.0,OK
1592,8/18/2023 8:30:00 AM,Tanque 1002,138400.0,39000.0,Therlet 4,26.0,OK
1594,8/18/2023 9:30:00 AM,Tanque 1003,140000.0,38000.0,Therlet 4,24.0,OK
1596,8/18/2023 10:30:00 AM,Tanque 1003,128000.0,37520.0,Therlet 4,23.0,OK
1598,8/18/2023 11:30:00 AM,Tanque 1001,138300.0,43000.0,Therlet 4,25.0,OK
1600,8/18/2023 12:30:00 PM,Tanque 1002,128000.0,34000.0,Therlet 4,25.0,OK
1602,8/18/2023 1:30:00 PM,Tanque 1003,129000.0,41750.0,Therlet 4,23.0,OK
1603,8/18/2023 2:31:00 PM,Tanque 1001,115600.0,34880.0,Therlet 4,26.0,OK
1606,8/18/2023 3:31:00 PM,Tanque 1002,119200.0,35280.0,Therlet 4,23.0,OK
1607,8/18/2023 4:27:00 PM,Tanque 1003,124000.0,36400.0,Therlet 4,22.0,OK
1609,8/18/2023 5:28:00 PM,Tanque 1001,122800.0,37760.0,Therlet 4,24.0,OK
1612,8/18/2023 6:31:00 PM,Tanque 1002,121600.0,36960.0,Therlet 4,22.0,OK
1614,8/18/2023 7:32:00 PM,Tanque 1003,120000.0,36000.0,Therlet 4,22.0,OK
1616,8/18/2023 8:24:00 PM,Tanque 1003,128000.0,37440.0,Therlet 4,21.0,OK
1618,8/18/2023 9:32:00 PM,Tanque 1002,124600.0,34620.0,Therlet 4,23.0,OK
1622,8/18/2023 11:30:00 PM,Tanque 1003,139080.0,38080.0,Therlet 4,26.0,OK
1624,8/19/2023 1:30:00 AM,Tanque 1002,133600.0,39280.0,Therlet 4,23.0,OK
1625,8/19/2023 2:30:00 AM,Tanque 1003,149200.0,39760.0,Therlet 4,25.0,OK
1629,8/19/2023 4:32:00 AM,Tanque 1002,128400.0,36480.0,Therlet 4,24.0,OK
1632,8/19/2023 6:30:00 AM,Tanque 1001,129000.0,38450.0,Therlet 4,23.0,OK
1634,8/19/2023 7:30:00 AM,Tanque 1001,132000.0,42000.0,Therlet 4,23.0,OK
1636,8/19/2023 8:30:00 AM,Tanque 1002,122120.0,42000.0,Therlet 4,24.0,OK
1638,8/19/2023 9:30:00 AM,Tanque 1002,118700.0,37020.0,Therlet 4,26.0,OK
1640,8/19/2023 10:30:00 AM,Tanque 1003,119000.0,34200.0,Therlet 4,24.0,OK
1642,8/19/2023 11:30:00 AM,Tanque 1001,138000.0,42000.0,Therlet 4,25.0,OK
1644,8/19/2023 12:30:00 PM,Tanque 1002,125000.0,33080.0,Therlet 4,25.0,OK
1646,8/19/2023 1:30:00 PM,Tanque 1003,132000.0,40120.0,Therlet 4,26.0,OK
1647,8/19/2023 2:36:00 PM,Tanque 1002,126000.0,36160.0,Therlet 4,25.0,OK
1649,8/19/2023 3:33:00 PM,Tanque 1001,120800.0,34880.0,Therlet 4,25.0,OK
1652,8/19/2023 5:30:00 PM,Tanque 1003,127600.0,36640.0,Therlet 4,24.0,OK
1654,8/19/2023 6:39:00 PM,Tanque 1001,138240.0,38100.0,Therlet 4,23.0,OK
1658,8/19/2023 9:33:00 PM,Tanque 1002,122440.0,36080.0,Therlet 4,25.0,OK
1661,8/19/2023 11:41:00 PM,Tanque 1003,128400.0,37600.0,Therlet 4,25.0,OK
1663,8/20/2023 1:33:00 AM,Tanque 1001,127600.0,37040.0,Therlet 4,24.0,OK
1666,8/20/2023 3:30:00 AM,Tanque 1003,126800.0,39000.0,Therlet 4,24.0,OK
1712,8/21/2023 3:31:00 PM,Tanque 1002,120400.0,36480.0,Therlet 4,20.0,OK
1717,8/21/2023 5:33:00 PM,Tanque 1001,125600.0,37040.0,Therlet 4,24.0,OK
1721,8/21/2023 7:35:00 PM,Tanque 1001,132400.0,38160.0,Therlet 4,30.0,OK
1724,8/21/2023 9:32:00 PM,Tanque 1001,126800.0,38160.0,Therlet 4,26.0,OK
1778,8/23/2023 12:27:00 AM,Tanque 1003,138400.0,39040.0,Therlet 4,29.0,OK
1782,8/23/2023 2:30:00 AM,Tanque 1002,142000.0,41200.0,Therlet 4,25.0,OK
1785,8/23/2023 4:30:00 AM,Tanque 1002,138800.0,41440.0,Therlet 4,25.0,OK
1788,8/23/2023 6:32:00 AM,Tanque 1001,119000.0,32000.0,Therlet 4,26.0,OK
1790,8/23/2023 7:30:00 AM,Tanque 1001,121120.0,38000.0,Therlet 4,25.0,OK
1792,8/23/2023 8:31:00 AM,Tanque 1002,119800.0,40000.0,Therlet 4,24.0,OK
1796,8/23/2023 10:30:00 AM,Tanque 1001,142000.0,37000.0,Therlet 4,22.0,OK
1802,8/23/2023 1:30:00 PM,Tanque 1002,128000.0,36000.0,Therlet 4,26.0,OK
1803,8/23/2023 2:34:00 PM,Tanque 1001,135780.0,39640.0,Therlet 4,24.0,OK
1807,8/23/2023 5:28:00 PM,Tanque 1003,134670.0,43690.0,Therlet 4,23.0,OK
1810,8/23/2023 6:39:00 PM,Tanque 1001,142000.0,41280.0,Therlet 4,24.0,OK
1815,8/23/2023 9:40:00 PM,Tanque 1003,140800.0,40960.0,Therlet 4,23.0,OK
1821,8/23/2023 11:30:00 PM,Tanque 1002,140400.0,39440.0,Therlet 4,22.0,OK
1826,8/24/2023 1:27:00 AM,Tanque 1002,126400.0,38080.0,Therlet 4,23.0,OK
1830,8/24/2023 3:30:00 AM,Tanque 1003,130400.0,39280.0,Therlet 4,25.0,OK
1834,8/24/2023 5:30:00 AM,Tanque 1002,126400.0,38720.0,Therlet 4,23.0,OK
1838,8/24/2023 7:30:00 AM,Tanque 1002,137180.0,38400.0,Therlet 4,25.0,OK
1846,8/24/2023 11:26:00 AM,Tanque 1001,120200.0,34080.0,Therlet 4,25.0,OK
1856,8/24/2023 4:33:00 PM,Tanque 1001,130400.0,38880.0,Therlet 4,23.0,OK
1861,8/24/2023 7:20:00 PM,Tanque 1002,131600.0,37760.0,Therlet 4,23.0,OK
1868,8/24/2023 11:30:00 PM,Tanque 1001,135200.0,38160.0,Therlet 4,29.0,OK
1871,8/25/2023 1:45:00 AM,Tanque 1003,127600.0,39120.0,Therlet 4,23.0,OK
1876,8/25/2023 3:30:00 AM,Tanque 1003,126800.0,38480.0,Therlet 4,26.0,OK
1880,8/25/2023 5:30:00 AM,Tanque 1003,133200.0,38400.0,Therlet 4,25.0,OK
1886,8/25/2023 8:30:00 AM,Tanque 1001,133000.0,40000.0,Therlet 4,24.0,OK
1890,8/25/2023 10:31:00 AM,Tanque 1003,132000.0,39540.0,Therlet 4,24.0,OK
1892,8/25/2023 11:36:00 AM,Tanque 1001,133000.0,35120.0,Therlet 4,24.0,OK
1898,8/25/2023 3:40:00 PM,Tanque 1003,126000.0,36720.0,Therlet 4,30.0,OK
1901,8/25/2023 5:39:00 PM,Tanque 1003,131600.0,38800.0,Therlet 4,23.0,OK
1909,8/25/2023 8:27:00 PM,Tanque 1001,131200.0,38480.0,Therlet 4,25.0,OK
1913,8/25/2023 10:30:00 PM,Tanque 1003,149600.0,42720.0,Therlet 4,24.0,OK
1918,8/26/2023 12:30:00 AM,Tanque 1003,136000.0,40320.0,Therlet 4,27.0,OK
1922,8/26/2023 2:30:00 AM,Tanque 1003,145200.0,41440.0,Therlet 4,24.0,OK
1932,8/26/2023 7:30:00 AM,Tanque 1002,128450.0,33080.0,Therlet 4,27.0,OK
1936,8/26/2023 9:31:00 AM,Tanque 1002,141350.0,39600.0,Therlet 4,26.0,OK
1946,8/26/2023 11:30:00 AM,Tanque 1001,141200.0,39710.0,Therlet 4,23.0,OK
1950,8/26/2023 1:30:00 PM,Tanque 1001,136000.0,35080.0,Therlet 4,24.0,OK
1953,8/26/2023 3:31:00 PM,Tanque 1001,118400.0,36560.0,Therlet 4,25.0,OK
1958,8/26/2023 5:29:00 PM,Tanque 1001,119600.0,39520.0,Therlet 4,27.0,OK
1961,8/26/2023 6:30:00 PM,Tanque 1002,139800.0,39220.0,Therlet 4,23.0,OK
1965,8/26/2023 9:34:00 PM,Tanque 1003,138400.0,39280.0,Therlet 4,23.0,OK
1969,8/26/2023 11:30:00 PM,Tanque 1002,136800.0,41120.0,Therlet 4,25.0,OK
1973,8/27/2023 1:26:00 AM,Tanque 1001,138000.0,40240.0,Therlet 4,25.0,OK
1974,8/27/2023 2:30:00 AM,Tanque 1002,133600.0,36840.0,Therlet 4,23.0,OK
1976,8/27/2023 4:30:00 AM,Tanque 1001,145200.0,40160.0,Therlet 4,26.0,OK
1979,8/27/2023 6:30:00 AM,Tanque 1003,129000.0,42310.0,Therlet 4,26.0,OK
1980,8/27/2023 7:30:00 AM,Tanque 1003,133000.0,37120.0,Therlet 4,24.0,OK
1981,8/27/2023 8:30:00 AM,Tanque 1001,141450.0,39000.0,Therlet 4,25.0,OK
1982,8/27/2023 9:28:00 AM,Tanque 1001,122340.0,35080.0,Therlet 4,23.0,OK
1983,8/27/2023 10:32:00 AM,Tanque 1002,132600.0,34250.0,Therlet 4,23.0,OK
1984,8/27/2023 11:30:00 AM,Tanque 1002,142430.0,41610.0,Therlet 4,22.0,OK
1985,8/27/2023 12:30:00 PM,Tanque 1002,132000.0,36000.0,Therlet 4,24.0,OK
1986,8/27/2023 1:30:00 PM,Tanque 1003,136000.0,40000.0,Therlet 4,26.0,OK
1987,8/27/2023 2:31:00 PM,Tanque 1003,129200.0,37200.0,Therlet 4,24.0,OK
1988,8/27/2023 3:30:00 PM,Tanque 1003,134000.0,38960.0,Therlet 4,26.0,OK
1989,8/27/2023 4:31:00 PM,Tanque 1002,126000.0,36880.0,Therlet 4,27.0,OK
1990,8/27/2023 5:32:00 PM,Tanque 1002,120400.0,36960.0,Therlet 4,23.0,OK
1992,8/27/2023 7:33:00 PM,Tanque 1003,132600.0,36400.0,Therlet 4,25.0,OK
1993,8/27/2023 8:28:00 PM,Tanque 1003,134000.0,40880.0,Therlet 4,30.0,OK
1994,8/27/2023 9:30:00 PM,Tanque 1001,134400.0,39840.0,Therlet 4,21.0,OK
1996,8/27/2023 10:30:00 PM,Tanque 1001,137200.0,40800.0,Therlet 4,20.0,OK
2003,8/28/2023 3:53:00 AM,Tanque 1001,134800.0,40000.0,Therlet 4,25.0,OK
2004,8/28/2023 4:30:00 AM,Tanque 1003,129600.0,38800.0,Therlet 4,28.0,OK
2010,8/28/2023 7:30:00 AM,Tanque 1003,131250.0,35120.0,Therlet 4,23.0,OK
2014,8/28/2023 9:30:00 AM,Tanque 1002,125200.0,43080.0,Therlet 4,23.0,OK
2020,8/28/2023 12:30:00 PM,Tanque 1003,120000.0,39450.0,Therlet 4,23.0,OK
2023,8/28/2023 2:41:00 PM,Tanque 1003,121200.0,35440.0,Therlet 4,24.0,OK
2024,8/28/2023 2:46:00 PM,Tanque 1003,124000.0,36480.0,Therlet 4,23.0,OK
2029,8/28/2023 5:32:00 PM,Tanque 1001,127200.0,37760.0,Therlet 4,24.0,OK
2033,8/28/2023 7:26:00 PM,Tanque 1001,126400.0,38560.0,Therlet 4,25.0,OK
2037,8/28/2023 9:33:00 PM,Tanque 1003,128800.0,38160.0,Therlet 4,24.0,OK
2046,8/29/2023 1:30:00 AM,Tanque 1003,146000.0,44080.0,Therlet 4,25.0,OK
2050,8/29/2023 3:30:00 AM,Tanque 1003,147200.0,44560.0,Therlet 4,23.0,OK
2052,8/29/2023 4:30:00 AM,Tanque 1001,138400.0,42400.0,Therlet 4,25.0,OK
2055,8/29/2023 6:30:00 AM,Tanque 1003,128000.0,39120.0,Therlet 4,23.0,OK
2059,8/29/2023 8:30:00 AM,Tanque 1002,130530.0,38880.0,Therlet 4,23.0,OK
2061,8/29/2023 9:30:00 AM,Tanque 1002,143450.0,41200.0,Therlet 4,28.0,OK
2065,8/29/2023 11:30:00 AM,Tanque 1001,127620.0,39800.0,Therlet 4,23.0,OK
2069,8/29/2023 1:28:00 PM,Tanque 1001,139860.0,41710.0,Therlet 4,24.0,OK
2072,8/29/2023 3:31:00 PM,Tanque 1002,128000.0,36880.0,Therlet 4,26.0,OK
2076,8/29/2023 5:29:00 PM,Tanque 1001,148800.0,36640.0,Therlet 4,26.0,OK
2082,8/29/2023 8:36:00 PM,Tanque 1003,135200.0,37600.0,Therlet 4,26.0,OK
2087,8/29/2023 10:30:00 PM,Tanque 1002,133200.0,37920.0,Therlet 4,26.0,OK
2093,8/30/2023 1:34:00 AM,Tanque 1001,146800.0,44080.0,Therlet 4,25.0,OK
2099,8/30/2023 4:30:00 AM,Tanque 1002,134800.0,40800.0,Therlet 4,24.0,OK
2104,8/30/2023 7:30:00 AM,Tanque 1001,140000.0,41000.0,Therlet 4,26.0,OK
2108,8/30/2023 9:43:00 AM,Tanque 1003,122000.0,34200.0,Therlet 4,25.0,OK
2112,8/30/2023 11:30:00 AM,Tanque 1001,134000.0,36000.0,Therlet 4,26.0,OK
2113,8/30/2023 12:47:00 PM,Tanque 1003,140000.0,39000.0,Therlet 4,25.0,OK
2116,8/30/2023 1:30:00 PM,Tanque 1001,143000.0,39000.0,Therlet 4,24.0,OK
2119,8/30/2023 3:35:00 PM,Tanque 1002,130800.0,38800.0,Therlet 4,25.0,OK
2123,8/30/2023 5:33:00 PM,Tanque 1001,138400.0,40560.0,Therlet 4,24.0,OK
2127,8/30/2023 7:33:00 PM,Tanque 1003,130400.0,39170.0,Therlet 4,26.0,OK
2131,8/30/2023 9:37:00 PM,Tanque 1001,124400.0,38240.0,Therlet 4,26.0,OK
2139,8/31/2023 12:30:00 AM,Tanque 1002,126000.0,36320.0,Therlet 4,25.0,OK
2143,8/31/2023 2:30:00 AM,Tanque 1002,130800.0,37200.0,Therlet 4,24.0,OK
2147,8/31/2023 4:30:00 AM,Tanque 1002,122800.0,38080.0,Therlet 4,25.0,OK
2160,8/31/2023 10:30:00 AM,Tanque 1003,134760.0,138790.0,Therlet 4,26.0,OK
2166,8/31/2023 11:25:00 AM,Tanque 1003,140000.0,42000.0,Therlet 4,24.0,OK
2168,8/31/2023 12:30:00 PM,Tanque 1001,137000.0,37420.0,Therlet 4,23.0,OK
2170,8/31/2023 1:30:00 PM,Tanque 1001,138000.0,36500.0,Therlet 4,24.0,OK
2172,8/31/2023 2:32:00 PM,Tanque 1003,132570.0,38900.0,Therlet 4,26.0,OK
2187,8/31/2023 9:19:00 PM,Tanque 1003,134800.0,41200.0,Therlet 4,26.0,OK
2193,9/1/2023 12:30:00 AM,Tanque 1002,148400.0,43080.0,Therlet 4,26.0,OK
2197,9/1/2023 2:30:00 AM,Tanque 1002,135200.0,39840.0,Therlet 4,25.0,OK
2201,9/1/2023 4:30:00 AM,Tanque 1001,131600.0,37760.0,Therlet 4,27.0,OK
2204,9/1/2023 7:30:00 AM,Tanque 1003,123000.0,39450.0,Therlet 4,24.0,OK
2208,9/1/2023 9:30:00 AM,Tanque 1002,119200.0,37600.0,Therlet 4,25.0,OK
2212,9/1/2023 11:30:00 AM,Tanque 1001,133000.0,41200.0,Therlet 4,26.0,OK
2216,9/1/2023 1:33:00 PM,Tanque 1003,133180.0,33120.0,Therlet 4,26.0,OK
2220,9/1/2023 3:35:00 PM,Tanque 1001,115600.0,35920.0,Therlet 4,26.0,OK
2228,9/1/2023 7:35:00 PM,Tanque 1003,126400.0,38880.0,Therlet 4,26.0,OK
2232,9/1/2023 11:43:00 PM,Tanque 1002,152800.0,40480.0,Therlet 4,24.0,OK
2239,9/2/2023 1:30:00 AM,Tanque 1001,151600.0,40240.0,Therlet 4,25.0,OK
2241,9/2/2023 2:30:00 AM,Tanque 1003,141200.0,41440.0,Therlet 4,26.0,OK
2245,9/2/2023 4:30:00 AM,Tanque 1002,136400.0,37680.0,Therlet 4,25.0,OK
2249,9/2/2023 6:30:00 AM,Tanque 1001,122300.0,33120.0,Therlet 4,25.0,OK
2251,9/2/2023 7:28:00 AM,Tanque 1002,128900.0,33080.0,Therlet 4,23.0,OK
2255,9/2/2023 9:30:00 AM,Tanque 1001,127000.0,38200.0,Therlet 4,22.0,OK
2259,9/2/2023 11:33:00 AM,Tanque 1003,132300.0,39100.0,Therlet 4,25.0,OK
2261,9/2/2023 12:36:00 PM,Tanque 1001,132200.0,36600.0,Therlet 4,25.0,OK
2266,9/2/2023 3:30:00 PM,Tanque 1003,126400.0,37360.0,Therlet 4,24.0,OK
2268,9/2/2023 5:30:00 PM,Tanque 1002,120000.0,36400.0,Therlet 4,25.0,OK
2272,9/2/2023 8:26:00 PM,Tanque 1002,126000.0,38790.0,Therlet 4,24.0,OK
2271,9/2/2023 8:28:00 PM,Tanque 1002,125800.0,39560.0,Therlet 4,24.0,OK
2274,9/2/2023 10:30:00 PM,Tanque 1001,126400.0,37120.0,Therlet 4,25.0,OK
2278,9/3/2023 1:37:00 AM,Tanque 1003,122800.0,36640.0,Therlet 4,25.0,OK
2280,9/3/2023 3:30:00 AM,Tanque 1002,134000.0,40720.0,Therlet 4,25.0,OK
2283,9/3/2023 5:30:00 AM,Tanque 1003,124800.0,36560.0,Therlet 4,25.0,OK
2293,9/3/2023 12:35:00 PM,Tanque 1002,117000.0,33080.0,Therlet 4,22.0,OK
2295,9/3/2023 1:30:00 PM,Tanque 1003,129600.0,38400.0,Therlet 4,23.0,OK
2296,9/3/2023 2:31:00 PM,Tanque 1001,110000.0,34320.0,Therlet 4,25.0,OK
2300,9/3/2023 3:33:00 PM,Tanque 1003,122800.0,35520.0,Therlet 4,26.0,OK
2306,9/3/2023 8:31:00 PM,Tanque 1003,120400.0,37440.0,Therlet 4,25.0,OK
2312,9/3/2023 11:30:00 PM,Tanque 1002,144400.0,34000.0,Therlet 4,26.0,OK
2314,9/4/2023 12:30:00 AM,Tanque 1001,130800.0,39760.0,Therlet 4,26.0,OK
2316,9/4/2023 1:30:00 AM,Tanque 1002,142000.0,40560.0,Therlet 4,24.0,OK
2325,9/4/2023 5:30:00 AM,Tanque 1002,149200.0,40240.0,Therlet 4,25.0,OK
2329,9/4/2023 7:30:00 AM,Tanque 1001,140200.0,39080.0,Therlet 4,26.0,OK
2335,9/4/2023 10:28:00 AM,Tanque 1001,142700.0,42000.0,Therlet 4,26.0,NOK
2337,9/4/2023 11:30:00 AM,Tanque 1002,139300.0,37360.0,Therlet 4,23.0,OK
2342,9/4/2023 1:30:00 PM,Tanque 1002,136400.0,41200.0,Therlet 4,22.0,OK
2346,9/4/2023 3:38:00 PM,Tanque 1003,128400.0,38320.0,Therlet 4,26.0,OK
2350,9/4/2023 5:33:00 PM,Tanque 1003,120000.0,35760.0,Therlet 4,27.0,OK
2354,9/4/2023 8:35:00 PM,Tanque 1001,114800.0,36000.0,Therlet 4,24.0,OK
2358,9/4/2023 11:19:00 PM,Tanque 1002,123600.0,39360.0,Therlet 4,26.0,OK
2363,9/5/2023 1:31:00 AM,Tanque 1001,121200.0,37280.0,Therlet 4,24.0,OK
2366,9/5/2023 3:30:00 AM,Tanque 1003,126000.0,38720.0,Therlet 4,24.0,OK
2368,9/5/2023 5:30:00 AM,Tanque 1001,117200.0,38320.0,Therlet 4,24.0,OK
2369,9/5/2023 6:30:00 AM,Tanque 1001,125500.0,35400.0,Therlet 4,24.0,OK
2370,9/5/2023 7:30:00 AM,Tanque 1002,120200.0,34200.0,Therlet 4,26.0,OK
2372,9/5/2023 8:25:00 AM,Tanque 1003,123300.0,34400.0,Therlet 4,26.0,OK
2374,9/5/2023 9:30:00 AM,Tanque 1003,141280.0,36350.0,Therlet 4,26.0,OK
2376,9/5/2023 10:37:00 AM,Tanque 1001,124100.0,36600.0,Therlet 4,26.0,OK
2382,9/5/2023 1:29:00 PM,Tanque 1001,137080.0,41200.0,Therlet 4,26.0,OK
2387,9/5/2023 4:32:00 PM,Tanque 1003,110000.0,36400.0,Therlet 4,27.0,OK
2392,9/5/2023 6:27:00 PM,Tanque 1002,122000.0,37280.0,Therlet 4,27.0,OK
2395,9/5/2023 8:37:00 PM,Tanque 1001,120000.0,35600.0,Therlet 4,26.0,OK
2400,9/5/2023 10:30:00 PM,Tanque 1001,123200.0,38560.0,Therlet 4,26.0,OK
2405,9/6/2023 12:30:00 AM,Tanque 1003,118000.0,35840.0,Therlet 4,26.0,OK
2409,9/6/2023 2:43:00 AM,Tanque 1003,114400.0,35680.0,Therlet 4,26.0,OK
2414,9/6/2023 4:30:00 AM,Tanque 1002,140400.0,40240.0,Therlet 4,26.0,OK
2415,9/6/2023 7:31:00 AM,Tanque 1001,137360.0,41000.0,Therlet 4,25.0,OK
2418,9/6/2023 8:35:00 AM,Tanque 1002,128700.0,37100.0,Therlet 4,24.0,OK
2426,9/6/2023 11:30:00 AM,Tanque 1002,118800.0,37600.0,Therlet 4,24.0,OK
2428,9/6/2023 12:33:00 PM,Tanque 1001,139800.0,40250.0,Therlet 4,28.0,OK
2438,9/6/2023 6:30:00 PM,Tanque 1002,132400.0,39120.0,Therlet 4,25.0,OK
2441,9/6/2023 8:28:00 PM,Tanque 1001,133200.0,40640.0,Therlet 4,25.0,OK
2444,9/6/2023 10:29:00 PM,Tanque 1001,128400.0,38080.0,Therlet 4,26.0,OK
2451,9/7/2023 1:43:00 AM,Tanque 1002,149600.0,43360.0,Therlet 4,25.0,OK
2455,9/7/2023 3:30:00 AM,Tanque 1001,128800.0,40840.0,Therlet 4,24.0,OK
2459,9/7/2023 5:30:00 AM,Tanque 1003,149600.0,46320.0,Therlet 4,24.0,OK
2463,9/7/2023 7:30:00 AM,Tanque 1003,133500.0,36700.0,Therlet 4,25.0,OK
2465,9/7/2023 8:30:00 AM,Tanque 1001,125400.0,32200.0,Therlet 4,24.0,OK
2469,9/7/2023 10:20:00 AM,Tanque 1003,134000.0,35499.0,Therlet 4,25.0,OK
2473,9/7/2023 12:30:00 PM,Tanque 1002,127700.0,30500.0,Therlet 4,25.0,OK
2486,9/7/2023 9:34:00 PM,Tanque 1001,139600.0,41120.0,Therlet 4,23.0,OK
2490,9/7/2023 11:30:00 PM,Tanque 1003,145200.0,37360.0,Therlet 4,25.0,OK
2494,9/8/2023 1:34:00 AM,Tanque 1002,127600.0,38560.0,Therlet 4,25.0,OK
2498,9/8/2023 3:30:00 AM,Tanque 1002,133600.0,40000.0,Therlet 4,24.0,OK
2502,9/8/2023 5:30:00 AM,Tanque 1003,138400.0,38480.0,Therlet 4,23.0,OK
2504,9/8/2023 6:30:00 AM,Tanque 1001,132200.0,33500.0,Therlet 4,25.0,OK
2517,9/10/2023 7:37:00 AM,Tanque 1001,136600.0,35080.0,Therlet 4,23.0,OK
2519,9/10/2023 8:30:00 AM,Tanque 1002,135000.0,33080.0,Therlet 4,23.0,OK
2521,9/10/2023 9:30:00 AM,Tanque 1003,127700.0,38800.0,Therlet 4,25.0,OK
2523,9/10/2023 10:30:00 AM,Tanque 1003,132000.0,37550.0,Therlet 4,27.0,OK
2525,9/10/2023 11:31:00 AM,Tanque 1001,119000.0,34080.0,Therlet 4,23.0,OK
2527,9/10/2023 12:30:00 PM,Tanque 1002,132400.0,37700.0,Therlet 4,25.0,OK
2529,9/10/2023 1:30:00 PM,Tanque 1003,128800.0,37900.0,Therlet 4,25.0,OK
2532,9/10/2023 3:30:00 PM,Tanque 1001,122000.0,38240.0,Therlet 4,24.0,OK
2536,9/10/2023 5:32:00 PM,Tanque 1002,120400.0,37520.0,Therlet 4,27.0,OK
2537,9/10/2023 6:30:00 PM,Tanque 1003,128000.0,37600.0,Therlet 4,23.0,OK
2541,9/10/2023 8:36:00 PM,Tanque 1002,123600.0,36720.0,Therlet 4,25.0,OK
2544,9/10/2023 10:30:00 PM,Tanque 1003,139200.0,40400.0,Therlet 4,24.0,OK
2548,9/11/2023 1:30:00 AM,Tanque 1002,102600.0,35120.0,Therlet 4,25.0,OK
2551,9/11/2023 3:30:00 AM,Tanque 1001,142800.0,41120.0,Therlet 4,25.0,OK
2555,9/11/2023 5:40:00 AM,Tanque 1003,148000.0,43600.0,Therlet 4,25.0,OK
2557,9/11/2023 6:32:00 AM,Tanque 1002,143250.0,40080.0,Therlet 4,25.0,OK
2559,9/11/2023 7:30:00 AM,Tanque 1003,121430.0,39000.0,Therlet 4,23.0,OK
2561,9/11/2023 8:35:00 AM,Tanque 1003,136780.0,39100.0,Therlet 4,24.0,OK
2565,9/11/2023 10:38:00 AM,Tanque 1002,125280.0,37430.0,Therlet 4,23.0,OK
2568,9/11/2023 11:31:00 AM,Tanque 1002,140040.0,38450.0,Therlet 4,22.0,OK
2572,9/11/2023 1:38:00 PM,Tanque 1001,124320.0,39550.0,Therlet 4,23.0,OK
2575,9/11/2023 3:49:00 PM,Tanque 1003,126800.0,38240.0,Therlet 4,23.0,OK
2577,9/11/2023 5:26:00 PM,Tanque 1001,136000.0,39320.0,Therlet 4,23.0,OK
2590,9/12/2023 12:30:00 AM,Tanque 1001,140000.0,43520.0,Therlet 4,23.0,OK
2592,9/12/2023 1:30:00 AM,Tanque 1003,138000.0,41040.0,Therlet 4,23.0,OK
2597,9/12/2023 3:30:00 AM,Tanque 1002,152000.0,40880.0,Therlet 4,24.0,OK
2600,9/12/2023 5:30:00 AM,Tanque 1001,145200.0,40000.0,Therlet 4,25.0,OK
2608,9/12/2023 11:33:00 AM,Tanque 1002,124900.0,40000.0,Therlet 4,24.0,OK
2611,9/12/2023 5:26:00 PM,Tanque 1003,117200.0,44160.0,Therlet 4,23.0,OK
2613,9/12/2023 7:33:00 PM,Tanque 1001,112400.0,34000.0,Therlet 4,23.0,OK
2616,9/12/2023 9:37:00 PM,Tanque 1001,114400.0,36480.0,Therlet 4,25.0,OK
2619,9/13/2023 1:00:00 AM,Tanque 1003,150800.0,40960.0,Therlet 4,25.0,OK
2626,9/13/2023 3:30:00 AM,Tanque 1003,126800.0,32160.0,Therlet 4,25.0,OK
2632,9/13/2023 6:33:00 AM,Tanque 1001,117200.0,34080.0,Therlet 4,26.0,OK
2636,9/13/2023 8:37:00 AM,Tanque 1003,140090.0,40000.0,Therlet 4,23.0,OK
2639,9/13/2023 10:38:00 AM,Tanque 1002,117200.0,35920.0,Therlet 4,26.0,OK
2643,9/13/2023 11:35:00 AM,Tanque 1002,123890.0,37800.0,Therlet 4,23.0,OK
2645,9/13/2023 12:33:00 PM,Tanque 1002,132800.0,39800.0,Therlet 4,23.0,OK
2649,9/13/2023 2:45:00 PM,Tanque 1001,114000.0,35040.0,Therlet 4,25.0,OK
2653,9/13/2023 4:55:00 PM,Tanque 1003,132000.0,40560.0,Therlet 4,23.0,OK
2661,9/13/2023 10:30:00 PM,Tanque 1001,138400.0,40400.0,Therlet 4,23.0,OK
2666,9/14/2023 12:30:00 AM,Tanque 1001,127200.0,38640.0,Therlet 4,25.0,OK
2672,9/14/2023 3:30:00 AM,Tanque 1001,134800.0,41680.0,Therlet 4,23.0,OK
2676,9/14/2023 5:29:00 AM,Tanque 1003,147600.0,42720.0,Therlet 4,23.0,OK
2680,9/14/2023 7:32:00 AM,Tanque 1002,128700.0,36170.0,Therlet 4,21.0,OK
2684,9/14/2023 9:40:00 AM,Tanque 1001,120400.0,36280.0,Therlet 4,28.0,OK
2688,9/14/2023 11:30:00 AM,Tanque 1003,132200.0,38700.0,Therlet 4,26.0,OK
2692,9/14/2023 1:29:00 PM,Tanque 1002,124000.0,38700.0,Therlet 4,25.0,OK
2696,9/14/2023 3:45:00 PM,Tanque 1002,131600.0,40960.0,Therlet 4,25.0,OK
2699,9/14/2023 5:32:00 PM,Tanque 1001,138400.0,40960.0,Therlet 4,24.0,OK
2704,9/14/2023 7:34:00 PM,Tanque 1003,128400.0,39280.0,Therlet 4,24.0,OK
2708,9/14/2023 9:50:00 PM,Tanque 1003,132800.0,39440.0,Therlet 4,23.0,OK
2712,9/14/2023 11:30:00 PM,Tanque 1002,141200.0,41360.0,Therlet 4,23.0,OK
2716,9/15/2023 1:30:00 AM,Tanque 1002,145600.0,38880.0,Therlet 4,23.0,OK
2719,9/15/2023 3:28:00 AM,Tanque 1001,125600.0,37840.0,Therlet 4,22.0,OK
2723,9/15/2023 5:31:00 AM,Tanque 1003,130000.0,38320.0,Therlet 4,23.0,OK
2728,9/15/2023 7:30:00 AM,Tanque 1002,125500.0,37600.0,Therlet 4,23.0,OK
2732,9/15/2023 9:30:00 AM,Tanque 1003,132500.0,33300.0,Therlet 4,24.0,OK
2734,9/15/2023 10:31:00 AM,Tanque 1001,123980.0,37200.0,Therlet 4,23.0,OK
2740,9/15/2023 1:30:00 PM,Tanque 1001,126600.0,32300.0,Therlet 4,24.0,OK
2744,9/15/2023 3:40:00 PM,Tanque 1003,124000.0,34480.0,Therlet 4,23.0,OK
2748,9/15/2023 7:43:00 PM,Tanque 1001,149600.0,43360.0,Therlet 4,23.0,OK
2752,9/15/2023 9:40:00 PM,Tanque 1003,150800.0,43680.0,Therlet 4,23.0,OK
2756,9/15/2023 11:30:00 PM,Tanque 1001,151000.0,44000.0,Therlet 4,20.0,OK
2760,9/16/2023 1:35:00 AM,Tanque 1003,126800.0,37920.0,Therlet 4,29.0,OK
2764,9/16/2023 3:30:00 AM,Tanque 1003,141000.0,42080.0,Therlet 4,28.0,OK
2768,9/16/2023 5:30:00 AM,Tanque 1002,125600.0,37760.0,Therlet 4,20.0,OK
2770,9/16/2023 7:30:00 AM,Tanque 1003,116000.0,35500.0,Therlet 4,25.0,OK
2773,9/16/2023 8:30:00 AM,Tanque 1002,130800.0,36600.0,Therlet 4,23.0,OK
2779,9/16/2023 1:30:00 PM,Tanque 1003,132600.0,36600.0,Therlet 4,25.0,OK
2785,9/16/2023 3:46:00 PM,Tanque 1003,124400.0,38560.0,Therlet 4,23.0,OK
2787,9/16/2023 4:47:00 PM,Tanque 1001,130000.0,38320.0,Therlet 4,24.0,OK
2788,9/16/2023 4:54:00 PM,Tanque 1002,129200.0,41120.0,Therlet 4,29.0,OK
2791,9/16/2023 6:41:00 PM,Tanque 1003,138800.0,40400.0,Therlet 4,27.0,OK
2806,9/17/2023 2:31:00 AM,Tanque 1003,126000.0,37520.0,Therlet 4,22.0,OK
2811,9/17/2023 4:29:00 AM,Tanque 1003,149600.0,40720.0,Therlet 4,28.0,OK
2817,9/17/2023 7:30:00 AM,Tanque 1003,125500.0,35500.0,Therlet 4,24.0,OK
2819,9/17/2023 8:33:00 AM,Tanque 1001,128900.0,35600.0,Therlet 4,21.0,OK
2824,9/17/2023 12:30:00 PM,Tanque 1002,129700.0,38500.0,Therlet 4,24.0,OK
2826,9/17/2023 1:32:00 PM,Tanque 1003,119860.0,36000.0,Therlet 4,26.0,OK
2828,9/17/2023 2:33:00 PM,Tanque 1003,133200.0,39280.0,Therlet 4,26.0,OK
2830,9/17/2023 3:33:00 PM,Tanque 1001,128400.0,38560.0,Therlet 4,25.0,OK
2831,9/17/2023 4:27:00 PM,Tanque 1001,114400.0,37920.0,Therlet 4,23.0,OK
2833,9/17/2023 5:28:00 PM,Tanque 1002,130000.0,38800.0,Therlet 4,24.0,OK
2836,9/17/2023 6:40:00 PM,Tanque 1003,135600.0,40080.0,Therlet 4,23.0,OK
2837,9/17/2023 7:30:00 PM,Tanque 1003,129600.0,39760.0,Therlet 4,23.0,OK
2838,9/17/2023 8:30:00 PM,Tanque 1002,136400.0,40080.0,Therlet 4,23.0,OK
2839,9/17/2023 9:30:00 PM,Tanque 1001,132800.0,41840.0,Therlet 4,23.0,OK
2842,9/17/2023 11:30:00 PM,Tanque 1003,144000.0,39200.0,Therlet 4,21.0,OK
2846,9/18/2023 1:30:00 AM,Tanque 1002,150600.0,45200.0,Therlet 4,23.0,OK
2852,9/18/2023 4:31:00 AM,Tanque 1002,122400.0,38320.0,Therlet 4,18.0,OK
2858,9/18/2023 7:30:00 AM,Tanque 1003,123300.0,37500.0,Therlet 4,24.0,OK
2862,9/18/2023 9:30:00 AM,Tanque 1003,130400.0,37800.0,Therlet 4,25.0,OK
2864,9/18/2023 10:31:00 AM,Tanque 1001,121800.0,34080.0,Therlet 4,25.0,OK
2868,9/18/2023 12:30:00 PM,Tanque 1002,125500.0,34800.0,Therlet 4,24.0,OK
2870,9/18/2023 1:32:00 PM,Tanque 1003,123900.0,34200.0,Therlet 4,22.0,OK
2872,9/18/2023 2:33:00 PM,Tanque 1003,145600.0,42880.0,Therlet 4,24.0,OK
2873,9/18/2023 3:30:00 PM,Tanque 1001,130000.0,38320.0,Therlet 4,25.0,OK
2875,9/18/2023 5:30:00 PM,Tanque 1003,128800.0,37840.0,Therlet 4,28.0,OK
2877,9/18/2023 6:33:00 PM,Tanque 1001,131200.0,38720.0,Therlet 4,28.0,OK
2881,9/18/2023 8:23:00 PM,Tanque 1003,139670.0,41200.0,Therlet 4,25.0,OK
2883,9/18/2023 9:34:00 PM,Tanque 1001,139600.0,40480.0,Therlet 4,26.0,OK
2887,9/18/2023 11:17:00 PM,Tanque 1003,124800.0,38400.0,Therlet 4,27.0,OK
2891,9/19/2023 1:33:00 AM,Tanque 1002,146800.0,44100.0,Therlet 4,27.0,OK
2894,9/19/2023 3:30:00 AM,Tanque 1002,132000.0,40880.0,Therlet 4,28.0,OK
2896,9/19/2023 5:30:00 AM,Tanque 1001,111200.0,38080.0,Therlet 4,28.0,OK
2898,9/19/2023 6:30:00 AM,Tanque 1001,115600.0,36240.0,Therlet 4,29.0,OK
2903,9/19/2023 8:37:00 AM,Tanque 1003,133400.0,37040.0,Therlet 4,24.0,OK
2905,9/19/2023 9:30:00 AM,Tanque 1001,131700.0,34120.0,Therlet 4,25.0,OK
2909,9/19/2023 12:35:00 PM,Tanque 1002,135080.0,36170.0,Therlet 4,22.0,OK
2913,9/19/2023 3:00:00 PM,Tanque 1002,125600.0,41120.0,Therlet 4,24.0,OK
2919,9/19/2023 5:35:00 PM,Tanque 1003,134560.0,37890.0,Therlet 4,24.0,OK
2920,9/19/2023 10:16:00 PM,Tanque 1002,130000.0,38160.0,Therlet 4,20.0,OK
2931,9/20/2023 3:30:00 AM,Tanque 1001,114000.0,35920.0,Therlet 4,22.0,OK
2935,9/20/2023 5:30:00 AM,Tanque 1003,142800.0,39680.0,Therlet 4,21.0,OK
2937,9/20/2023 6:28:00 AM,Tanque 1002,134700.0,35080.0,Therlet 4,21.0,OK
2941,9/20/2023 8:34:00 AM,Tanque 1001,121400.0,39180.0,Therlet 4,22.0,OK
2943,9/20/2023 10:31:00 AM,Tanque 1003,132800.0,35120.0,Therlet 4,20.0,OK
2944,9/20/2023 11:30:00 AM,Tanque 1001,121600.0,35600.0,Therlet 4,19.0,OK
2947,9/20/2023 12:37:00 PM,Tanque 1001,134000.0,35700.0,Therlet 4,26.0,OK
2948,9/20/2023 1:40:00 PM,Tanque 1003,119200.0,37440.0,Therlet 4,23.0,OK
2953,9/20/2023 3:42:00 PM,Tanque 1002,130000.0,39760.0,Therlet 4,23.0,OK
2957,9/20/2023 5:37:00 PM,Tanque 1001,136800.0,41120.0,Therlet 4,24.0,OK
2961,9/20/2023 7:41:00 PM,Tanque 1002,136000.0,39360.0,Therlet 4,26.0,OK
2965,9/20/2023 9:35:00 PM,Tanque 1002,122800.0,37440.0,Therlet 4,28.0,OK
2970,9/21/2023 12:40:00 AM,Tanque 1003,132800.0,40400.0,Therlet 4,23.0,OK
2973,9/21/2023 2:30:00 AM,Tanque 1001,136800.0,40560.0,Therlet 4,21.0,OK
2977,9/21/2023 4:30:00 AM,Tanque 1001,152000.0,40880.0,Therlet 4,28.0,OK
2980,9/21/2023 5:30:00 AM,Tanque 1002,136900.0,40000.0,Therlet 4,28.0,OK
2984,9/21/2023 7:43:00 AM,Tanque 1001,113220.0,35670.0,Therlet 4,23.0,OK
2986,9/21/2023 8:36:00 AM,Tanque 1002,112900.0,36170.0,Therlet 4,23.0,OK
2990,9/21/2023 10:30:00 AM,Tanque 1001,122200.0,36500.0,Therlet 4,23.0,OK
2992,9/21/2023 11:30:00 AM,Tanque 1001,126600.0,37600.0,Therlet 4,25.0,OK
2994,9/21/2023 12:40:00 PM,Tanque 1002,141200.0,40000.0,Therlet 4,28.0,OK
3000,9/21/2023 3:35:00 PM,Tanque 1003,123200.0,37520.0,Therlet 4,23.0,OK
3004,9/21/2023 5:31:00 PM,Tanque 1002,131600.0,38960.0,Therlet 4,23.0,OK
3008,9/21/2023 7:32:00 PM,Tanque 1001,126800.0,38880.0,Therlet 4,25.0,OK
3011,9/21/2023 9:35:00 PM,Tanque 1003,128000.0,38880.0,Therlet 4,24.0,OK
3019,9/22/2023 1:33:00 AM,Tanque 1002,129200.0,39200.0,Therlet 4,23.0,OK
3022,9/22/2023 3:30:00 AM,Tanque 1001,134000.0,39920.0,Therlet 4,23.0,OK
3026,9/22/2023 5:36:00 AM,Tanque 1003,155200.0,43600.0,Therlet 4,23.0,OK
3034,9/22/2023 9:30:00 AM,Tanque 1002,127700.0,28700.0,Therlet 4,24.0,OK
3038,9/22/2023 11:30:00 AM,Tanque 1001,130800.0,36700.0,Therlet 4,25.0,OK
3042,9/22/2023 1:30:00 PM,Tanque 1003,130700.0,36600.0,Therlet 4,24.0,OK
3046,9/22/2023 3:38:00 PM,Tanque 1002,133200.0,39520.0,Therlet 4,26.0,OK
3049,9/22/2023 5:20:00 PM,Tanque 1001,128800.0,38800.0,Therlet 4,24.0,OK
3052,9/22/2023 7:29:00 PM,Tanque 1003,128800.0,37840.0,Therlet 4,23.0,OK
3056,9/22/2023 9:30:00 PM,Tanque 1002,131200.0,39040.0,Therlet 4,25.0,OK
3059,9/22/2023 11:31:00 PM,Tanque 1001,132800.0,39280.0,Therlet 4,24.0,OK
3063,9/23/2023 1:35:00 AM,Tanque 1001,144400.0,42240.0,Therlet 4,27.0,OK
3067,9/23/2023 3:30:00 AM,Tanque 1003,124800.0,38160.0,Therlet 4,29.0,OK
3069,9/23/2023 4:30:00 AM,Tanque 1001,129600.0,38720.0,Therlet 4,23.0,OK
3074,9/23/2023 7:30:00 AM,Tanque 1003,132200.0,32200.0,Therlet 4,24.0,OK
3078,9/23/2023 9:34:00 AM,Tanque 1002,134680.0,38900.0,Therlet 4,25.0,OK
3084,9/23/2023 12:30:00 PM,Tanque 1003,131100.0,37500.0,Therlet 4,24.0,OK
3088,9/23/2023 2:45:00 PM,Tanque 1003,138000.0,42240.0,Therlet 4,25.0,OK
3092,9/23/2023 4:54:00 PM,Tanque 1002,135600.0,40720.0,Therlet 4,24.0,OK
3094,9/23/2023 6:28:00 PM,Tanque 1003,129600.0,37360.0,Therlet 4,24.0,OK
3095,9/23/2023 6:51:00 PM,Tanque 1001,132800.0,41040.0,Therlet 4,24.0,OK
3097,9/23/2023 8:30:00 PM,Tanque 1001,135600.0,39200.0,Therlet 4,23.0,OK
3099,9/23/2023 9:38:00 PM,Tanque 1002,143200.0,41200.0,Therlet 4,21.0,OK
3102,9/24/2023 1:35:00 AM,Tanque 1001,147600.0,41920.0,Therlet 4,23.0,OK
3103,9/24/2023 2:30:00 AM,Tanque 1002,147200.0,42000.0,Therlet 4,22.0,OK
3105,9/24/2023 4:30:00 AM,Tanque 1003,144400.0,41840.0,Therlet 4,23.0,OK
3107,9/24/2023 6:30:00 AM,Tanque 1002,122400.0,32400.0,Therlet 4,24.0,OK
3108,9/24/2023 7:30:00 AM,Tanque 1002,126600.0,33000.0,Therlet 4,23.0,OK
3110,9/24/2023 8:30:00 AM,Tanque 1002,126600.0,34000.0,Therlet 4,23.0,OK
3112,9/24/2023 9:30:00 AM,Tanque 1003,133700.0,35500.0,Therlet 4,24.0,OK
3114,9/24/2023 10:30:00 AM,Tanque 1001,129600.0,36600.0,Therlet 4,24.0,OK
3116,9/24/2023 11:34:00 AM,Tanque 1001,134800.0,37860.0,Therlet 4,25.0,OK
3118,9/24/2023 12:30:00 PM,Tanque 1002,137700.0,36600.0,Therlet 4,24.0,OK
3120,9/24/2023 1:30:00 PM,Tanque 1003,133300.0,36600.0,Therlet 4,23.0,OK
3121,9/24/2023 2:47:00 PM,Tanque 1001,128800.0,38960.0,Therlet 4,23.0,OK
3122,9/24/2023 3:30:00 PM,Tanque 1003,132800.0,39289.0,Therlet 4,23.0,OK
3123,9/24/2023 4:45:00 PM,Tanque 1001,121600.0,37920.0,Therlet 4,23.0,OK
3125,9/24/2023 6:30:00 PM,Tanque 1002,126000.0,38000.0,Therlet 4,24.0,OK
3127,9/24/2023 8:30:00 PM,Tanque 1003,129200.0,41200.0,Therlet 4,26.0,OK
3129,9/24/2023 10:30:00 PM,Tanque 1001,122400.0,38240.0,Therlet 4,20.0,OK
3133,9/25/2023 2:30:00 AM,Tanque 1001,143600.0,42400.0,Therlet 4,21.0,OK
3136,9/25/2023 4:30:00 AM,Tanque 1003,128000.0,39360.0,Therlet 4,28.0,OK
3140,9/25/2023 6:32:00 AM,Tanque 1002,134500.0,36090.0,Therlet 4,21.0,OK
3142,9/25/2023 7:30:00 AM,Tanque 1003,126600.0,34400.0,Therlet 4,24.0,OK
3144,9/25/2023 8:30:00 AM,Tanque 1003,131500.0,37700.0,Therlet 4,24.0,OK
3146,9/25/2023 9:36:00 AM,Tanque 1001,133000.0,33120.0,Therlet 4,25.0,OK
3148,9/25/2023 10:29:00 AM,Tanque 1001,132120.0,35600.0,Therlet 4,24.0,OK
3152,9/25/2023 12:30:00 PM,Tanque 1003,133500.0,36600.0,Therlet 4,25.0,OK
3157,9/25/2023 3:30:00 PM,Tanque 1002,125200.0,38160.0,Therlet 4,24.0,OK
3158,9/25/2023 4:30:00 PM,Tanque 1002,129600.0,37920.0,Therlet 4,24.0,OK
3159,9/25/2023 5:30:00 PM,Tanque 1003,130400.0,39120.0,Therlet 4,23.0,OK
3161,9/25/2023 7:30:00 PM,Tanque 1001,137200.0,49809.0,Therlet 4,25.0,OK
3163,9/25/2023 8:32:00 PM,Tanque 1001,134400.0,39280.0,Therlet 4,25.0,OK
3166,9/25/2023 9:32:00 PM,Tanque 1002,137600.0,40960.0,Therlet 4,26.0,OK
3168,9/25/2023 11:30:00 PM,Tanque 1003,142800.0,40240.0,Therlet 4,26.0,OK
3172,9/26/2023 1:35:00 AM,Tanque 1001,144400.0,40560.0,Therlet 4,26.0,OK
3174,9/26/2023 2:30:00 AM,Tanque 1002,144000.0,41760.0,Therlet 4,26.0,OK
3176,9/26/2023 3:30:00 AM,Tanque 1003,143600.0,40400.0,Therlet 4,26.0,OK
3178,9/26/2023 4:30:00 AM,Tanque 1003,128400.0,36720.0,Therlet 4,26.0,OK
3180,9/26/2023 5:30:00 AM,Tanque 1001,142800.0,39600.0,Therlet 4,26.0,OK
3182,9/26/2023 6:30:00 AM,Tanque 1001,126600.0,27500.0,Therlet 4,23.0,OK
3185,9/26/2023 7:31:00 AM,Tanque 1002,151000.0,36140.0,Therlet 4,26.0,OK
3187,9/26/2023 8:30:00 AM,Tanque 1003,133400.0,35500.0,Therlet 4,25.0,OK
3189,9/26/2023 9:31:00 AM,Tanque 1003,122000.0,35600.0,Therlet 4,26.0,OK
3191,9/26/2023 10:34:00 AM,Tanque 1001,136000.0,34150.0,Therlet 4,26.0,OK
3193,9/26/2023 11:32:00 AM,Tanque 1001,114200.0,34200.0,Therlet 4,26.0,OK
3195,9/26/2023 12:30:00 PM,Tanque 1002,133300.0,34600.0,Therlet 4,24.0,OK
3197,9/26/2023 1:32:00 PM,Tanque 1002,132000.0,37600.0,Therlet 4,26.0,OK
3199,9/26/2023 2:35:00 PM,Tanque 1003,126000.0,37360.0,Therlet 4,27.0,OK
3201,9/26/2023 3:40:00 PM,Tanque 1001,127600.0,37280.0,Therlet 4,24.0,OK
3203,9/26/2023 4:37:00 PM,Tanque 1001,132400.0,40400.0,Therlet 4,23.0,OK
3205,9/26/2023 5:28:00 PM,Tanque 1002,137600.0,40720.0,Therlet 4,23.0,OK
3207,9/26/2023 6:38:00 PM,Tanque 1002,138000.0,40080.0,Therlet 4,26.0,OK
3209,9/26/2023 7:46:00 PM,Tanque 1003,137200.0,41040.0,Therlet 4,23.0,OK
3211,9/26/2023 8:38:00 PM,Tanque 1001,130000.0,38720.0,Therlet 4,23.0,OK
3213,9/26/2023 9:33:00 PM,Tanque 1002,133200.0,39920.0,Therlet 4,23.0,OK
3217,9/26/2023 11:30:00 PM,Tanque 1001,146000.0,41120.0,Therlet 4,24.0,OK
3220,9/27/2023 1:30:00 AM,Tanque 1002,144800.0,42960.0,Therlet 4,25.0,OK
3223,9/27/2023 3:50:00 AM,Tanque 1001,136000.0,39520.0,Therlet 4,23.0,OK
3225,9/27/2023 5:30:00 AM,Tanque 1003,139600.0,39200.0,Therlet 4,22.0,OK
3228,9/27/2023 8:30:00 AM,Tanque 1001,118800.0,36960.0,Therlet 4,27.0,OK
3230,9/27/2023 10:29:00 AM,Tanque 1001,132000.0,34050.0,Therlet 4,22.0,OK
3233,9/27/2023 12:29:00 PM,Tanque 1002,131780.0,37000.0,Therlet 4,25.0,OK
3238,9/27/2023 3:38:00 PM,Tanque 1001,126800.0,39280.0,Therlet 4,25.0,OK
3240,9/27/2023 4:42:00 PM,Tanque 1002,124800.0,38240.0,Therlet 4,23.0,OK
3242,9/27/2023 6:33:00 PM,Tanque 1001,137600.0,40800.0,Therlet 4,24.0,OK
3245,9/27/2023 8:35:00 PM,Tanque 1003,133200.0,41760.0,Therlet 4,23.0,OK
3248,9/27/2023 10:30:00 PM,Tanque 1002,123600.0,37040.0,Therlet 4,23.0,OK
3252,9/28/2023 12:30:00 AM,Tanque 1003,151200.0,44160.0,Therlet 4,25.0,OK
3284,9/28/2023 11:05:00 PM,Tanque 1003,124400.0,35840.0,Therlet 4,27.0,OK
3289,9/29/2023 1:48:00 AM,Tanque 1001,128400.0,44880.0,Therlet 4,23.0,OK
3293,9/29/2023 4:35:00 AM,Tanque 1003,135200.0,39360.0,Therlet 4,26.0,OK
3296,9/29/2023 6:30:00 AM,Tanque 1002,126600.0,32600.0,Therlet 4,25.0,OK
3298,9/29/2023 7:30:00 AM,Tanque 1003,132500.0,27700.0,Therlet 4,25.0,OK
3299,9/29/2023 8:29:00 AM,Tanque 1003,138700.0,39120.0,Therlet 4,26.0,OK
3304,9/29/2023 12:29:00 PM,Tanque 1003,139180.0,38000.0,Therlet 4,23.0,OK
3308,9/29/2023 2:46:00 PM,Tanque 1002,139600.0,41440.0,Therlet 4,23.0,OK
3315,9/29/2023 6:32:00 PM,Tanque 1002,146800.0,42720.0,Therlet 4,25.0,OK
3316,9/29/2023 7:39:00 PM,Tanque 1003,149200.0,44760.0,Therlet 4,23.0,OK
3319,9/29/2023 8:45:00 PM,Tanque 1001,141600.0,41920.0,Therlet 4,23.0,OK
3322,9/29/2023 10:30:00 PM,Tanque 1002,140000.0,40800.0,Therlet 4,23.0,OK
3323,9/29/2023 11:31:00 PM,Tanque 1003,133200.0,38400.0,Therlet 4,23.0,OK
3325,9/30/2023 12:30:00 AM,Tanque 1003,126800.0,37840.0,Therlet 4,23.0,OK
3326,9/30/2023 1:33:00 AM,Tanque 1001,136800.0,40400.0,Therlet 4,23.0,OK
3330,9/30/2023 3:30:00 AM,Tanque 1003,136800.0,40320.0,Therlet 4,27.0,OK
3337,9/30/2023 8:32:00 AM,Tanque 1001,142500.0,37000.0,Therlet 4,28.0,OK
3339,9/30/2023 9:30:00 AM,Tanque 1002,133600.0,35500.0,Therlet 4,24.0,OK
3342,9/30/2023 11:30:00 AM,Tanque 1003,133500.0,36600.0,Therlet 4,26.0,OK
3344,9/30/2023 1:30:00 PM,Tanque 1001,124560.0,33120.0,Therlet 4,23.0,OK
3346,9/30/2023 4:16:00 PM,Tanque 1002,128000.0,38640.0,Therlet 4,24.0,OK
3349,9/30/2023 8:54:00 PM,Tanque 1002,127600.0,37360.0,Therlet 4,25.0,OK
3352,9/30/2023 10:39:00 PM,Tanque 1003,123600.0,37760.0,Therlet 4,27.0,OK
3355,10/1/2023 12:28:00 AM,Tanque 1001,146400.0,41680.0,Therlet 4,24.0,OK
3368,10/1/2023 8:30:00 PM,Tanque 1003,127200.0,38880.0,Therlet 4,23.0,OK
3369,10/1/2023 9:30:00 PM,Tanque 1003,128000.0,37600.0,Therlet 4,23.0,OK
3370,10/1/2023 10:51:00 PM,Tanque 1001,134800.0,39360.0,Therlet 4,23.0,OK
3371,10/1/2023 11:40:00 PM,Tanque 1001,124800.0,37280.0,Therlet 4,22.0,OK
3372,10/2/2023 12:33:00 AM,Tanque 1001,132400.0,39040.0,Therlet 4,23.0,OK
3374,10/2/2023 1:39:00 AM,Tanque 1002,125200.0,37600.0,Therlet 4,23.0,OK
3375,10/2/2023 2:30:00 AM,Tanque 1002,150000.0,41840.0,Therlet 4,23.0,OK
3377,10/2/2023 4:27:00 AM,Tanque 1001,124400.0,38000.0,Therlet 4,24.0,OK
3380,10/2/2023 7:30:00 AM,Tanque 1002,133500.0,36700.0,Therlet 4,25.0,OK
3384,10/2/2023 10:30:00 AM,Tanque 1001,124400.0,30400.0,Therlet 4,24.0,OK
3388,10/2/2023 12:30:00 PM,Tanque 1002,136600.0,31200.0,Therlet 4,25.0,OK
3392,10/2/2023 4:36:00 PM,Tanque 1001,135200.0,36780.0,Therlet 4,24.0,OK
3396,10/2/2023 6:41:00 PM,Tanque 1001,124690.0,36890.0,Therlet 4,26.0,OK
3401,10/2/2023 9:33:00 PM,Tanque 1001,143600.0,40720.0,Therlet 4,25.0,OK
3402,10/2/2023 10:30:00 PM,Tanque 1002,152000.0,44000.0,Therlet 4,22.0,OK
3406,10/3/2023 12:30:00 AM,Tanque 1001,129200.0,39440.0,Therlet 4,23.0,OK
3409,10/3/2023 2:29:00 AM,Tanque 1003,130800.0,38640.0,Therlet 4,25.0,OK
3414,10/3/2023 5:31:00 AM,Tanque 1001,143200.0,41600.0,Therlet 4,24.0,OK
3419,10/3/2023 10:30:00 AM,Tanque 1001,133200.0,35500.0,Therlet 4,23.0,OK
3426,10/3/2023 1:30:00 PM,Tanque 1001,132400.0,36500.0,Therlet 4,24.0,OK
3430,10/3/2023 3:35:00 PM,Tanque 1003,144800.0,40240.0,Therlet 4,23.0,OK
3431,10/3/2023 4:35:00 PM,Tanque 1001,143600.0,40800.0,Therlet 4,23.0,OK
3432,10/3/2023 4:52:00 PM,Tanque 1001,152000.0,43680.0,Therlet 4,23.0,OK
3433,10/3/2023 5:30:00 PM,Tanque 1001,148000.0,42640.0,Therlet 4,23.0,OK
3434,10/3/2023 6:29:00 PM,Tanque 1001,151600.0,43200.0,Therlet 4,23.0,OK
3435,10/3/2023 7:32:00 PM,Tanque 1002,138800.0,40720.0,Therlet 4,23.0,OK
3438,10/3/2023 9:33:00 PM,Tanque 1003,135600.0,42000.0,Therlet 4,27.0,OK
3441,10/3/2023 11:30:00 PM,Tanque 1002,148400.0,42720.0,Therlet 4,24.0,OK
3443,10/4/2023 12:30:00 AM,Tanque 1003,150400.0,42880.0,Therlet 4,23.0,OK
3448,10/4/2023 2:30:00 AM,Tanque 1002,151200.0,44320.0,Therlet 4,24.0,OK
3452,10/4/2023 4:30:00 AM,Tanque 1002,150400.0,43120.0,Therlet 4,24.0,OK
3466,10/4/2023 1:30:00 PM,Tanque 1002,138420.0,39000.0,Therlet 4,24.0,OK
3468,10/4/2023 2:40:00 PM,Tanque 1003,145200.0,40960.0,Therlet 4,23.0,OK
3476,10/4/2023 6:35:00 PM,Tanque 1002,148400.0,41600.0,Therlet 4,24.0,OK
3478,10/4/2023 7:33:00 PM,Tanque 1003,151200.0,40400.0,Therlet 4,24.0,OK
3479,10/4/2023 8:28:00 PM,Tanque 1003,134900.0,40960.0,Therlet 4,25.0,OK
3480,10/4/2023 9:30:00 PM,Tanque 1001,144800.0,39920.0,Therlet 4,27.0,OK
3481,10/4/2023 10:30:00 PM,Tanque 1001,126000.0,44000.0,Therlet 4,21.0,OK
3483,10/5/2023 12:29:00 AM,Tanque 1002,152000.0,43120.0,Therlet 4,21.0,OK
3485,10/5/2023 2:30:00 AM,Tanque 1003,150000.0,45000.0,Therlet 4,20.0,OK
3488,10/5/2023 4:30:00 AM,Tanque 1001,137000.0,37000.0,Therlet 4,21.0,OK
3491,10/5/2023 6:35:00 AM,Tanque 1003,137400.0,38000.0,Therlet 4,22.0,OK
3493,10/5/2023 7:34:00 AM,Tanque 1003,136520.0,37600.0,Therlet 4,26.0,OK
3495,10/5/2023 8:36:00 AM,Tanque 1001,143000.0,39000.0,Therlet 4,22.0,OK
3497,10/5/2023 9:30:00 AM,Tanque 1001,134540.0,38600.0,Therlet 4,25.0,OK
3500,10/5/2023 3:36:00 PM,Tanque 1003,149200.0,43040.0,Therlet 4,23.0,OK
3504,10/5/2023 7:24:00 PM,Tanque 1003,146000.0,40800.0,Therlet 4,25.0,OK
3507,10/5/2023 9:30:00 PM,Tanque 1002,144800.0,40240.0,Therlet 4,23.0,OK
3513,10/5/2023 11:30:00 PM,Tanque 1002,140400.0,43680.0,Therlet 4,22.0,OK
3517,10/6/2023 1:30:00 AM,Tanque 1002,142800.0,41200.0,Therlet 4,23.0,OK
3521,10/6/2023 3:30:00 AM,Tanque 1001,152000.0,43040.0,Therlet 4,26.0,OK
3524,10/6/2023 5:30:00 AM,Tanque 1003,150000.0,40480.0,Therlet 4,25.0,OK
3529,10/6/2023 7:30:00 AM,Tanque 1002,145800.0,37500.0,Therlet 4,26.0,OK
3533,10/6/2023 9:42:00 AM,Tanque 1001,118700.0,39000.0,Therlet 4,23.0,OK
3537,10/6/2023 11:41:00 AM,Tanque 1003,137000.0,36000.0,Therlet 4,23.0,OK
3541,10/6/2023 1:30:00 PM,Tanque 1002,134600.0,34500.0,Therlet 4,26.0,OK
3544,10/6/2023 2:46:00 PM,Tanque 1003,141600.0,40640.0,Therlet 4,23.0,OK
3547,10/6/2023 4:37:00 PM,Tanque 1002,131600.0,36360.0,Therlet 4,23.0,OK
3551,10/6/2023 7:24:00 PM,Tanque 1003,142000.0,41040.0,Therlet 4,23.0,OK
3554,10/6/2023 9:27:00 PM,Tanque 1003,134000.0,39680.0,Therlet 4,26.0,OK
3560,10/7/2023 12:30:00 AM,Tanque 1001,140400.0,39920.0,Therlet 4,25.0,OK
3566,10/7/2023 3:59:00 AM,Tanque 1003,137200.0,38800.0,Therlet 4,29.0,OK
3570,10/7/2023 5:30:00 AM,Tanque 1002,142400.0,40000.0,Therlet 4,24.0,OK
3572,10/7/2023 6:30:00 AM,Tanque 1001,127700.0,24400.0,Therlet 4,24.0,OK
3576,10/7/2023 8:30:00 AM,Tanque 1001,131100.0,33600.0,Therlet 4,25.0,OK
3579,10/7/2023 11:30:00 AM,Tanque 1003,123300.0,27700.0,Therlet 4,24.0,OK
3586,10/7/2023 4:36:00 PM,Tanque 1001,146400.0,41760.0,Therlet 4,24.0,OK
3589,10/7/2023 8:34:00 PM,Tanque 1003,135600.0,37500.0,Therlet 4,24.0,OK
3594,10/7/2023 11:30:00 PM,Tanque 1003,159200.0,44600.0,Therlet 4,23.0,OK
3598,10/8/2023 1:30:00 AM,Tanque 1002,135600.0,40080.0,Therlet 4,23.0,OK
3600,10/8/2023 2:30:00 AM,Tanque 1003,136800.0,38480.0,Therlet 4,30.0,OK
3603,10/8/2023 4:30:00 AM,Tanque 1001,154400.0,41280.0,Therlet 4,27.0,OK
3608,10/8/2023 8:30:00 AM,Tanque 1003,126600.0,33500.0,Therlet 4,24.0,OK
3614,10/8/2023 12:30:00 PM,Tanque 1001,130500.0,32200.0,Therlet 4,23.0,OK
3616,10/8/2023 1:30:00 PM,Tanque 1001,132200.0,31500.0,Therlet 4,23.0,OK
3617,10/8/2023 2:47:00 PM,Tanque 1002,134800.0,40800.0,Therlet 4,26.0,OK
3619,10/8/2023 3:38:00 PM,Tanque 1003,136800.0,40960.0,Therlet 4,23.0,OK
3622,10/8/2023 5:36:00 PM,Tanque 1001,137600.0,39840.0,Therlet 4,25.0,OK
3624,10/8/2023 7:32:00 PM,Tanque 1002,151200.0,42560.0,Therlet 4,23.0,OK
3627,10/8/2023 9:37:00 PM,Tanque 1001,138800.0,41040.0,Therlet 4,23.0,OK
3630,10/8/2023 11:30:00 PM,Tanque 1002,150800.0,42400.0,Therlet 4,24.0,OK
3638,10/9/2023 2:30:00 AM,Tanque 1003,136000.0,39520.0,Therlet 4,24.0,OK
3645,10/9/2023 5:30:00 AM,Tanque 1001,128000.0,37200.0,Therlet 4,24.0,OK
3647,10/9/2023 7:30:00 AM,Tanque 1003,130200.0,27700.0,Therlet 4,23.0,OK
3655,10/9/2023 11:30:00 AM,Tanque 1002,134600.0,36900.0,Therlet 4,26.0,OK
3661,10/9/2023 3:33:00 PM,Tanque 1002,148400.0,40960.0,Therlet 4,24.0,OK
3665,10/9/2023 5:34:00 PM,Tanque 1001,142000.0,41200.0,Therlet 4,24.0,OK
3668,10/9/2023 7:38:00 PM,Tanque 1001,152000.0,42560.0,Therlet 4,24.0,OK
3672,10/9/2023 9:32:00 PM,Tanque 1001,152800.0,43200.0,Therlet 4,24.0,OK
3680,10/10/2023 12:33:00 AM,Tanque 1002,142800.0,41920.0,Therlet 4,23.0,OK
3684,10/10/2023 2:32:00 AM,Tanque 1002,140000.0,38640.0,Therlet 4,23.0,OK
3694,10/10/2023 8:36:00 AM,Tanque 1001,125500.0,28800.0,Therlet 4,24.0,OK
3710,10/10/2023 6:30:00 PM,Tanque 1003,143000.0,40960.0,Therlet 4,25.0,OK
3724,10/11/2023 1:33:00 AM,Tanque 1003,134400.0,40640.0,Therlet 4,24.0,OK
3733,10/11/2023 5:34:00 AM,Tanque 1002,130000.0,40480.0,Therlet 4,22.0,OK
3735,10/11/2023 7:31:00 AM,Tanque 1002,121500.0,24400.0,Therlet 4,24.0,OK
3739,10/11/2023 9:30:00 AM,Tanque 1001,119000.0,35500.0,Therlet 4,25.0,OK
3747,10/11/2023 1:25:00 PM,Tanque 1001,137600.0,38400.0,Therlet 4,22.0,OK
3751,10/11/2023 3:41:00 PM,Tanque 1003,153000.0,43520.0,Therlet 4,28.0,OK
3755,10/11/2023 5:43:00 PM,Tanque 1003,153000.0,43360.0,Therlet 4,24.0,OK
3757,10/11/2023 9:30:00 PM,Tanque 1001,144400.0,42160.0,Therlet 4,23.0,OK
3758,10/11/2023 9:33:00 PM,Tanque 1001,148000.0,41680.0,Therlet 4,24.0,OK
3760,10/11/2023 10:30:00 PM,Tanque 1001,148400.0,41680.0,Therlet 4,24.0,OK
3763,10/12/2023 1:30:00 AM,Tanque 1002,146000.0,38800.0,Therlet 4,24.0,OK
3765,10/12/2023 3:54:00 AM,Tanque 1001,134800.0,40480.0,Therlet 4,23.0,OK
3761,10/12/2023 11:30:00 PM,Tanque 1002,148000.0,42400.0,Therlet 4,24.0,OK
3768,10/15/2023 10:30:00 AM,Tanque 1001,117400.0,37800.0,Therlet 4,23.0,OK
3769,10/15/2023 11:30:00 AM,Tanque 1001,133800.0,40120.0,Therlet 4,23.0,OK
3770,10/15/2023 12:30:00 PM,Tanque 1002,131200.0,34100.0,Therlet 4,25.0,OK
3771,10/15/2023 3:47:00 PM,Tanque 1002,147200.0,42880.0,Therlet 4,27.0,OK
3772,10/15/2023 6:48:00 PM,Tanque 1003,127600.0,37840.0,Therlet 4,26.0,OK
3773,10/15/2023 8:02:00 PM,Tanque 1001,130800.0,38080.0,Therlet 4,23.0,OK
3774,10/15/2023 10:28:00 PM,Tanque 1001,127600.0,39360.0,Therlet 4,24.0,OK
3775,10/15/2023 11:31:00 PM,Tanque 1002,127200.0,37120.0,Therlet 4,23.0,OK
3782,10/16/2023 1:29:00 AM,Tanque 1003,134000.0,39360.0,Therlet 4,22.0,OK
3784,10/16/2023 2:30:00 AM,Tanque 1002,118800.0,37200.0,Therlet 4,28.0,OK
3786,10/16/2023 4:29:00 AM,Tanque 1003,121600.0,38080.0,Therlet 4,28.0,OK
3790,10/16/2023 5:36:00 AM,Tanque 1003,123600.0,37360.0,Therlet 4,29.0,OK
3794,10/16/2023 7:30:00 AM,Tanque 1003,131100.0,28500.0,Therlet 4,23.0,OK
3798,10/16/2023 9:30:00 AM,Tanque 1002,132200.0,35500.0,Therlet 4,24.0,OK
3802,10/16/2023 11:30:00 AM,Tanque 1001,126600.0,28400.0,Therlet 4,24.0,OK
3806,10/16/2023 1:30:00 PM,Tanque 1003,145000.0,37800.0,Therlet 4,26.0,OK
3808,10/16/2023 2:37:00 PM,Tanque 1002,132000.0,38640.0,Therlet 4,24.0,OK
3811,10/16/2023 4:48:00 PM,Tanque 1001,131600.0,39440.0,Therlet 4,24.0,OK
3815,10/16/2023 6:39:00 PM,Tanque 1003,125200.0,37840.0,Therlet 4,25.0,OK
3816,10/16/2023 7:30:00 PM,Tanque 1002,124800.0,39920.0,Therlet 4,24.0,OK
3823,10/17/2023 12:34:00 AM,Tanque 1002,122000.0,37280.0,Therlet 4,25.0,OK
3826,10/17/2023 2:29:00 AM,Tanque 1001,111200.0,37280.0,Therlet 4,27.0,OK
3829,10/17/2023 3:30:00 AM,Tanque 1001,120400.0,37200.0,Therlet 4,23.0,OK
3833,10/17/2023 5:30:00 AM,Tanque 1003,111600.0,37760.0,Therlet 4,23.0,OK
3838,10/17/2023 7:30:00 AM,Tanque 1002,127700.0,28800.0,Therlet 4,24.0,OK
3842,10/17/2023 9:30:00 AM,Tanque 1002,132700.0,28150.0,Therlet 4,25.0,OK
3853,10/17/2023 2:41:00 PM,Tanque 1002,131600.0,39120.0,Therlet 4,23.0,OK
3857,10/17/2023 4:29:00 PM,Tanque 1003,124400.0,35920.0,Therlet 4,30.0,OK
3861,10/17/2023 6:35:00 PM,Tanque 1003,134800.0,38880.0,Therlet 4,23.0,OK
3863,10/17/2023 7:23:00 PM,Tanque 1003,132800.0,39520.0,Therlet 4,23.0,OK
3867,10/17/2023 9:34:00 PM,Tanque 1001,132400.0,37840.0,Therlet 4,23.0,OK
3883,10/18/2023 8:30:00 AM,Tanque 1001,134400.0,35500.0,Therlet 4,24.0,OK
3887,10/18/2023 10:30:00 AM,Tanque 1003,133000.0,35400.0,Therlet 4,24.0,OK
3890,10/18/2023 11:30:00 AM,Tanque 1001,141000.0,35000.0,Therlet 4,25.0,OK
3894,10/18/2023 1:30:00 PM,Tanque 1001,118800.0,33200.0,Therlet 4,24.0,OK
3899,10/18/2023 4:44:00 PM,Tanque 1001,123200.0,36880.0,Therlet 4,24.0,OK
3903,10/18/2023 7:19:00 PM,Tanque 1003,127600.0,39200.0,Therlet 4,24.0,OK
3908,10/18/2023 9:36:00 PM,Tanque 1003,137600.0,38640.0,Therlet 4,23.0,OK
3911,10/18/2023 11:30:00 PM,Tanque 1002,126000.0,40400.0,Therlet 4,24.0,OK
3919,10/19/2023 2:30:00 AM,Tanque 1003,135600.0,40720.0,Therlet 4,29.0,OK
3924,10/19/2023 5:30:00 AM,Tanque 1001,126000.0,40960.0,Therlet 4,21.0,OK
3927,10/19/2023 6:30:00 AM,Tanque 1002,126600.0,37700.0,Therlet 4,24.0,OK
3933,10/19/2023 9:35:00 AM,Tanque 1003,138200.0,39000.0,Therlet 4,26.0,OK
3939,10/19/2023 12:30:00 PM,Tanque 1002,133200.0,37400.0,Therlet 4,24.0,OK
3947,10/19/2023 4:35:00 PM,Tanque 1002,128400.0,38160.0,Therlet 4,25.0,OK
3955,10/19/2023 8:25:00 PM,Tanque 1001,139000.0,39600.0,Therlet 4,24.0,OK
3974,10/20/2023 6:30:00 AM,Tanque 1002,126600.0,35500.0,Therlet 4,24.0,OK
3978,10/20/2023 8:30:00 AM,Tanque 1001,126600.0,34200.0,Therlet 4,24.0,OK
3984,10/20/2023 11:30:00 AM,Tanque 1002,133300.0,39600.0,Therlet 4,23.0,OK
3997,10/20/2023 6:41:00 PM,Tanque 1003,134800.0,40000.0,Therlet 4,23.0,OK
4003,10/20/2023 11:30:00 PM,Tanque 1003,146600.0,42400.0,Therlet 4,23.0,OK
4006,10/21/2023 1:28:00 AM,Tanque 1001,144000.0,39280.0,Therlet 4,24.0,OK
4009,10/21/2023 3:30:00 AM,Tanque 1003,142200.0,42160.0,Therlet 4,26.0,OK
4026,10/21/2023 11:30:00 AM,Tanque 1001,141600.0,39000.0,Therlet 4,26.0,OK
4031,10/21/2023 1:30:00 PM,Tanque 1003,122000.0,37600.0,Therlet 4,23.0,OK
4050,10/22/2023 12:32:00 AM,Tanque 1001,132000.0,37440.0,Therlet 4,21.0,OK
4052,10/22/2023 2:30:00 AM,Tanque 1003,118400.0,36480.0,Therlet 4,20.0,OK
4055,10/22/2023 4:30:00 AM,Tanque 1002,123200.0,37800.0,Therlet 4,21.0,OK
4062,10/22/2023 7:33:00 AM,Tanque 1002,122000.0,36600.0,Therlet 4,26.0,OK
4066,10/22/2023 10:35:00 AM,Tanque 1002,136000.0,34000.0,Therlet 4,23.0,OK
4071,10/22/2023 1:30:00 PM,Tanque 1002,137000.0,37000.0,Therlet 4,25.0,OK
4078,10/22/2023 11:40:00 PM,Tanque 1001,142000.0,40800.0,Therlet 4,28.0,OK
4082,10/23/2023 2:30:00 AM,Tanque 1001,131200.0,38560.0,Therlet 4,21.0,OK
4089,10/23/2023 5:33:00 AM,Tanque 1003,141600.0,43200.0,Therlet 4,25.0,OK
4095,10/23/2023 8:35:00 AM,Tanque 1001,134560.0,37000.0,Therlet 4,29.0,OK
4100,10/23/2023 11:30:00 AM,Tanque 1001,134400.0,36500.0,Therlet 4,23.0,OK
4104,10/23/2023 1:23:00 PM,Tanque 1002,140000.0,35000.0,Therlet 4,25.0,OK
4106,10/23/2023 2:44:00 PM,Tanque 1001,142400.0,41680.0,Therlet 4,23.0,OK
4113,10/23/2023 7:32:00 PM,Tanque 1001,120400.0,37840.0,Therlet 4,23.0,OK
4117,10/23/2023 9:28:00 PM,Tanque 1003,120800.0,38320.0,Therlet 4,23.0,OK
4124,10/23/2023 11:34:00 PM,Tanque 1003,129600.0,39200.0,Therlet 4,22.0,OK
4132,10/24/2023 3:30:00 AM,Tanque 1003,125200.0,38080.0,Therlet 4,23.0,OK
4136,10/24/2023 5:32:00 AM,Tanque 1002,138800.0,41600.0,Therlet 4,22.0,OK
4140,10/24/2023 7:48:00 AM,Tanque 1002,139000.0,41800.0,Therlet 4,21.0,OK
4146,10/24/2023 10:30:00 AM,Tanque 1003,135500.0,41200.0,Therlet 4,23.0,OK
4151,10/24/2023 12:29:00 PM,Tanque 1002,143800.0,41200.0,Therlet 4,21.0,OK
4159,10/24/2023 6:26:00 PM,Tanque 1002,128800.0,39840.0,Therlet 4,28.0,OK
4164,10/24/2023 9:31:00 PM,Tanque 1003,124800.0,38160.0,Therlet 4,23.0,OK
4171,10/25/2023 12:33:00 AM,Tanque 1001,128800.0,40000.0,Therlet 4,22.0,OK
4178,10/25/2023 3:30:00 AM,Tanque 1001,138400.0,37760.0,Therlet 4,23.0,OK
4188,10/25/2023 8:30:00 AM,Tanque 1003,152000.0,33400.0,Therlet 4,23.0,OK
4198,10/25/2023 4:34:00 PM,Tanque 1003,130000.0,40480.0,Therlet 4,23.0,OK
4206,10/25/2023 8:34:00 PM,Tanque 1003,132400.0,41040.0,Therlet 4,26.0,OK
4213,10/26/2023 12:43:00 AM,Tanque 1003,124400.0,39440.0,Therlet 4,24.0,OK
4218,10/26/2023 3:30:00 AM,Tanque 1003,120800.0,39120.0,Therlet 4,25.0,OK
4222,10/26/2023 5:30:00 AM,Tanque 1003,137600.0,40400.0,Therlet 4,25.0,OK
4226,10/26/2023 8:30:00 AM,Tanque 1002,133250.0,35500.0,Therlet 4,24.0,OK
4230,10/26/2023 10:26:00 AM,Tanque 1003,133000.0,34520.0,Therlet 4,26.0,OK
4232,10/26/2023 11:30:00 AM,Tanque 1001,130500.0,39900.0,Therlet 4,25.0,OK
4234,10/26/2023 12:30:00 PM,Tanque 1002,136600.0,36300.0,Therlet 4,24.0,OK
4238,10/26/2023 2:58:00 PM,Tanque 1002,123000.0,39800.0,Therlet 4,23.0,OK
4241,10/26/2023 4:37:00 PM,Tanque 1003,123550.0,39600.0,Therlet 4,24.0,OK
4246,10/26/2023 6:34:00 PM,Tanque 1002,148400.0,41400.0,Therlet 4,28.0,OK
4252,10/26/2023 10:31:00 PM,Tanque 1002,139600.0,41040.0,Therlet 4,28.0,OK
4256,10/27/2023 12:30:00 AM,Tanque 1001,116400.0,37600.0,Therlet 4,28.0,OK
4260,10/27/2023 2:36:00 AM,Tanque 1001,146800.0,42160.0,Therlet 4,28.0,OK
4264,10/27/2023 4:31:00 AM,Tanque 1003,143200.0,41120.0,Therlet 4,28.0,OK
4270,10/27/2023 7:29:00 AM,Tanque 1003,128800.0,36600.0,Therlet 4,24.0,OK
4273,10/27/2023 9:35:00 AM,Tanque 1002,139800.0,34500.0,Therlet 4,26.0,OK
4276,10/27/2023 12:31:00 PM,Tanque 1001,141500.0,41000.0,Therlet 4,26.0,OK
4281,10/27/2023 3:33:00 PM,Tanque 1001,125200.0,38640.0,Therlet 4,28.0,OK
4285,10/27/2023 5:32:00 PM,Tanque 1003,123200.0,36080.0,Therlet 4,29.0,OK
4291,10/27/2023 8:47:00 PM,Tanque 1002,126800.0,38320.0,Therlet 4,26.0,OK
4297,10/27/2023 11:30:00 PM,Tanque 1003,145600.0,41120.0,Therlet 4,26.0,OK
4301,10/28/2023 1:30:00 AM,Tanque 1002,136000.0,41280.0,Therlet 4,26.0,OK
4306,10/28/2023 4:30:00 AM,Tanque 1003,128800.0,38800.0,Therlet 4,26.0,OK
4310,10/28/2023 6:29:00 AM,Tanque 1002,136800.0,37120.0,Therlet 4,27.0,OK
4316,10/28/2023 9:30:00 AM,Tanque 1003,134400.0,40500.0,Therlet 4,25.0,OK
4320,10/28/2023 11:30:00 AM,Tanque 1002,129700.0,39500.0,Therlet 4,24.0,OK
4327,10/28/2023 3:34:00 PM,Tanque 1002,134400.0,40000.0,Therlet 4,27.0,OK
4329,10/28/2023 5:40:00 PM,Tanque 1001,127200.0,37760.0,Therlet 4,27.0,OK
4332,10/28/2023 8:36:00 PM,Tanque 1003,133440.0,37920.0,Therlet 4,27.0,OK
4336,10/28/2023 10:30:00 PM,Tanque 1002,135600.0,40640.0,Therlet 4,27.0,OK
4340,10/29/2023 12:30:00 AM,Tanque 1001,131600.0,39360.0,Therlet 4,26.0,OK
4343,10/29/2023 2:30:00 AM,Tanque 1001,148000.0,42720.0,Therlet 4,24.0,OK
4346,10/29/2023 4:30:00 AM,Tanque 1003,152800.0,40240.0,Therlet 4,26.0,OK
4350,10/29/2023 7:28:00 AM,Tanque 1002,141200.0,39800.0,Therlet 4,24.0,OK
4353,10/29/2023 10:36:00 AM,Tanque 1001,121200.0,33080.0,Therlet 4,25.0,OK
4357,10/29/2023 1:35:00 PM,Tanque 1001,123000.0,38900.0,Therlet 4,25.0,OK
4358,10/29/2023 2:35:00 PM,Tanque 1001,151600.0,43520.0,Therlet 4,25.0,OK
4359,10/29/2023 3:34:00 PM,Tanque 1003,128000.0,39200.0,Therlet 4,26.0,OK
4360,10/29/2023 4:58:00 PM,Tanque 1002,126400.0,38080.0,Therlet 4,25.0,OK
4364,10/29/2023 5:51:00 PM,Tanque 1003,124800.0,37600.0,Therlet 4,26.0,OK
4368,10/29/2023 8:32:00 PM,Tanque 1001,119200.0,36960.0,Therlet 4,27.0,OK
4370,10/29/2023 9:39:00 PM,Tanque 1001,129200.0,38560.0,Therlet 4,27.0,OK
4371,10/29/2023 10:30:00 PM,Tanque 1002,128800.0,40880.0,Therlet 4,27.0,OK
4375,10/30/2023 1:30:00 AM,Tanque 1002,112800.0,37440.0,Therlet 4,27.0,OK
4384,10/30/2023 9:30:00 AM,Tanque 1001,141000.0,35900.0,Therlet 4,26.0,OK
4386,10/30/2023 10:30:00 AM,Tanque 1002,121000.0,36000.0,Therlet 4,26.0,OK
4388,10/30/2023 12:33:00 PM,Tanque 1003,121800.0,37600.0,Therlet 4,25.0,OK
4390,10/30/2023 2:37:00 PM,Tanque 1002,130000.0,38400.0,Therlet 4,28.0,OK
4392,10/30/2023 3:00:00 PM,Tanque 1002,130800.0,38720.0,Therlet 4,23.0,OK
4394,10/30/2023 4:34:00 PM,Tanque 1001,121600.0,38600.0,Therlet 4,24.0,OK
4398,10/30/2023 7:30:00 PM,Tanque 1001,136400.0,39600.0,Therlet 4,23.0,OK
4402,10/30/2023 9:58:00 PM,Tanque 1001,134400.0,39760.0,Therlet 4,23.0,OK
4405,10/30/2023 11:30:00 PM,Tanque 1003,134400.0,39680.0,Therlet 4,22.0,OK
4412,10/31/2023 2:30:00 AM,Tanque 1001,129200.0,39200.0,Therlet 4,21.0,OK
4416,10/31/2023 5:30:00 AM,Tanque 1001,105200.0,34560.0,Therlet 4,22.0,OK
4423,10/31/2023 9:30:00 AM,Tanque 1002,136000.0,36000.0,Therlet 4,26.0,OK
4426,10/31/2023 11:30:00 AM,Tanque 1001,135000.0,37000.0,Therlet 4,22.0,OK
4431,10/31/2023 2:39:00 PM,Tanque 1002,134000.0,40480.0,Therlet 4,25.0,OK
4432,11/5/2023 10:29:00 AM,Tanque 1001,132000.0,37000.0,Therlet 4,26.0,OK
4433,11/5/2023 11:30:00 AM,Tanque 1001,124000.0,36640.0,Therlet 4,24.0,OK
4434,11/5/2023 12:31:00 PM,Tanque 1002,134000.0,37120.0,Therlet 4,22.0,OK
4435,11/5/2023 1:30:00 PM,Tanque 1002,141200.0,41200.0,Therlet 4,21.0,OK
4436,11/5/2023 2:35:00 PM,Tanque 1001,136400.0,39040.0,Therlet 4,23.0,OK
4437,11/5/2023 3:34:00 PM,Tanque 1003,108400.0,32080.0,Therlet 4,23.0,OK
4439,11/5/2023 5:30:00 PM,Tanque 1001,120800.0,37440.0,Therlet 4,27.0,OK
4443,11/5/2023 9:30:00 PM,Tanque 1003,145600.0,41040.0,Therlet 4,23.0,OK
4446,11/5/2023 11:30:00 PM,Tanque 1001,136400.0,40960.0,Therlet 4,25.0,OK
4448,11/6/2023 1:30:00 AM,Tanque 1003,121200.0,34640.0,Therlet 4,26.0,OK
4450,11/6/2023 3:30:00 AM,Tanque 1001,152800.0,40240.0,Therlet 4,20.0,OK
4456,11/6/2023 7:31:00 AM,Tanque 1001,141000.0,36000.0,Therlet 4,22.0,OK
4458,11/6/2023 8:30:00 AM,Tanque 1002,135000.0,35000.0,Therlet 4,24.0,OK
4459,11/6/2023 9:37:00 AM,Tanque 1002,134000.0,37120.0,Therlet 4,25.0,OK
4461,11/6/2023 10:30:00 AM,Tanque 1002,135400.0,33000.0,Therlet 4,25.0,OK
4467,11/6/2023 3:04:00 PM,Tanque 1002,132800.0,38800.0,Therlet 4,23.0,OK
4471,11/6/2023 4:41:00 PM,Tanque 1001,132000.0,38560.0,Therlet 4,25.0,OK
4475,11/6/2023 8:01:00 PM,Tanque 1001,140400.0,37600.0,Therlet 4,25.0,OK
4478,11/6/2023 9:29:00 PM,Tanque 1003,134700.0,36920.0,Therlet 4,23.0,OK
4481,11/6/2023 11:30:00 PM,Tanque 1001,112400.0,42240.0,Therlet 4,22.0,OK
4487,11/7/2023 2:30:00 AM,Tanque 1002,152000.0,40560.0,Therlet 4,22.0,OK
4491,11/7/2023 4:54:00 AM,Tanque 1001,133600.0,41760.0,Therlet 4,26.0,OK
4497,11/7/2023 7:34:00 AM,Tanque 1001,141000.0,39760.0,Therlet 4,22.0,OK
4500,11/7/2023 9:35:00 AM,Tanque 1003,139080.0,35340.0,Therlet 4,26.0,OK
4506,11/7/2023 12:30:00 PM,Tanque 1001,138000.0,39000.0,Therlet 4,30.0,OK
4509,11/7/2023 2:32:00 PM,Tanque 1001,136000.0,37600.0,Therlet 4,27.0,OK
,,,,,,,
"Filtros aplicados:
DATA_HORA é igual a ou está depois de 16/06/2023 00:00:00 e está antes de 08/11/2023 00:00:00
COZEDOR é Therlet 4",,,,,,,
8888,3/11/2024 12:32:00 PM,Tanque 1001,142300.0,40000.0,Therlet 4,23.0,OK
8890,3/11/2024 1:32:00 PM,Tanque 1002,137400.0,36400.0,Therlet 4,28.0,OK
8894,3/11/2024 3:29:00 PM,Tanque 1001,148000.0,41360.0,Therlet 4,28.0,OK
8897,3/11/2024 5:34:00 PM,Tanque 1003,142800.0,42480.0,Therlet 4,24.0,OK
8900,3/11/2024 7:40:00 PM,Tanque 1002,144000.0,42160.0,Therlet 4,24.0,OK
8906,3/11/2024 9:33:00 PM,Tanque 1003,136400.0,40560.0,Therlet 4,24.0,OK
8907,3/11/2024 10:30:00 PM,Tanque 1001,146800.0,39420.0,Therlet 4,24.0,OK
8914,3/12/2024 1:30:00 AM,Tanque 1003,121200.0,37520.0,Therlet 4,26.0,OK
8917,3/12/2024 3:30:00 AM,Tanque 1002,132800.0,39840.0,Therlet 4,28.0,OK
8919,3/12/2024 5:30:00 AM,Tanque 1001,123400.0,37760.0,Therlet 4,27.0,OK
8920,3/12/2024 8:34:00 AM,Tanque 1002,136700.0,38500.0,Therlet 4,23.0,OK
8921,3/12/2024 9:34:00 AM,Tanque 1002,134000.0,39780.0,Therlet 4,23.0,OK
8923,3/12/2024 10:30:00 AM,Tanque 1003,139600.0,37400.0,Therlet 4,26.0,OK
8925,3/12/2024 11:29:00 AM,Tanque 1003,136600.0,40000.0,Therlet 4,26.0,OK
8927,3/12/2024 12:30:00 PM,Tanque 1001,141200.0,37000.0,Therlet 4,27.0,OK
8929,3/12/2024 1:31:00 PM,Tanque 1001,142200.0,39000.0,Therlet 4,27.0,OK
8933,3/12/2024 3:40:00 PM,Tanque 1003,126000.0,38400.0,Therlet 4,28.0,OK
8935,3/12/2024 5:29:00 PM,Tanque 1001,130000.0,39200.0,Therlet 4,28.0,OK
8937,3/12/2024 6:31:00 PM,Tanque 1002,133600.0,40000.0,Therlet 4,29.0,OK
8939,3/12/2024 7:42:00 PM,Tanque 1003,124400.0,34500.0,Therlet 4,28.0,OK
8942,3/12/2024 9:29:00 PM,Tanque 1001,150000.0,43520.0,Therlet 4,29.0,OK
8945,3/12/2024 11:30:00 PM,Tanque 1003,146800.0,41760.0,Therlet 4,26.0,OK
,,,,,,,
"Filtros aplicados:
COZEDOR é Therlet 4
DATA_HORA é igual a ou está depois de 29/02/2024 00:00:00 e está antes de 13/03/2024 00:00:00",,,,,,,
8949,3/13/2024 1:33:00 AM,Tanque 1001,148400.0,42640.0,Therlet 4,26.0,OK
8952,3/13/2024 3:30:00 AM,Tanque 1001,151200.0,42720.0,Therlet 4,23.0,OK
8954,3/13/2024 5:30:00 AM,Tanque 1003,110800.0,34720.0,Therlet 4,26.0,OK
8957,3/13/2024 7:40:00 AM,Tanque 1001,119080.0,37000.0,Therlet 4,23.0,OK
8959,3/13/2024 8:30:00 AM,Tanque 1002,132700.0,37800.0,Therlet 4,24.0,OK
8963,3/13/2024 10:35:00 AM,Tanque 1003,133800.0,38120.0,Therlet 4,26.0,OK
8967,3/13/2024 12:28:00 PM,Tanque 1002,139000.0,41250.0,Therlet 4,24.0,OK
8970,3/13/2024 2:23:00 PM,Tanque 1001,136500.0,35300.0,Therlet 4,28.0,OK
8974,3/13/2024 3:39:00 PM,Tanque 1002,123890.0,35700.0,Therlet 4,26.0,OK
8979,3/13/2024 5:50:00 PM,Tanque 1003,144000.0,42560.0,Therlet 4,27.0,OK
8981,3/13/2024 6:41:00 PM,Tanque 1001,134800.0,34500.0,Therlet 4,28.0,OK
8984,3/13/2024 8:41:00 PM,Tanque 1003,134200.0,44320.0,Therlet 4,26.0,OK
8986,3/13/2024 9:27:00 PM,Tanque 1001,135680.0,35400.0,Therlet 4,29.0,OK
8990,3/13/2024 11:30:00 PM,Tanque 1003,151200.0,42640.0,Therlet 4,26.0,OK
8994,3/14/2024 1:46:00 AM,Tanque 1002,136400.0,39200.0,Therlet 4,27.0,OK
8997,3/14/2024 3:30:00 AM,Tanque 1003,142400.0,41440.0,Therlet 4,26.0,OK
8998,3/14/2024 8:22:00 AM,Tanque 1001,134000.0,38000.0,Therlet 4,26.0,OK
9000,3/14/2024 9:28:00 AM,Tanque 1002,124090.0,33120.0,Therlet 4,28.0,OK
9006,3/14/2024 12:33:00 PM,Tanque 1001,134300.0,41600.0,Therlet 4,29.0,OK
9012,3/14/2024 5:31:00 PM,Tanque 1002,123500.0,35980.0,Therlet 4,28.0,OK
9018,3/14/2024 9:20:00 PM,Tanque 1001,135400.0,34560.0,Therlet 4,26.0,OK
9022,3/14/2024 11:30:00 PM,Tanque 1003,120800.0,37600.0,Therlet 4,28.0,OK
9028,3/15/2024 2:30:00 AM,Tanque 1002,151200.0,44000.0,Therlet 4,26.0,OK
9032,3/15/2024 4:30:00 AM,Tanque 1003,144000.0,40880.0,Therlet 4,26.0,OK
9037,3/15/2024 7:36:00 AM,Tanque 1003,135500.0,38000.0,Therlet 4,23.0,OK
9041,3/15/2024 9:30:00 AM,Tanque 1002,143000.0,39800.0,Therlet 4,26.0,OK
9047,3/15/2024 12:38:00 PM,Tanque 1001,140200.0,39000.0,Therlet 4,27.0,OK
9051,3/15/2024 2:41:00 PM,Tanque 1003,136400.0,40400.0,Therlet 4,24.0,OK
9057,3/15/2024 5:33:00 PM,Tanque 1003,138000.0,39920.0,Therlet 4,28.0,OK
9061,3/15/2024 7:37:00 PM,Tanque 1003,142400.0,41280.0,Therlet 4,27.0,OK
9067,3/15/2024 10:40:00 PM,Tanque 1001,136000.0,38720.0,Therlet 4,28.0,OK
9073,3/16/2024 1:31:00 AM,Tanque 1002,135200.0,39520.0,Therlet 4,28.0,OK
9075,3/16/2024 2:30:00 AM,Tanque 1003,142000.0,40240.0,Therlet 4,29.0,OK
9081,3/16/2024 5:28:00 AM,Tanque 1001,136800.0,39040.0,Therlet 4,28.0,OK
9083,3/16/2024 6:30:00 AM,Tanque 1002,144500.0,39800.0,Therlet 4,28.0,OK
9087,3/16/2024 8:46:00 AM,Tanque 1002,133120.0,34080.0,Therlet 4,24.0,OK
9090,3/16/2024 10:30:00 AM,Tanque 1003,121200.0,36160.0,Therlet 4,24.0,OK
9095,3/16/2024 12:40:00 PM,Tanque 1002,119800.0,34090.0,Therlet 4,25.0,OK
9101,3/16/2024 7:08:00 PM,Tanque 1001,131600.0,37520.0,Therlet 4,28.0,OK
9109,3/17/2024 12:43:00 AM,Tanque 1002,135600.0,37720.0,Therlet 4,26.0,OK
9111,3/17/2024 2:30:00 AM,Tanque 1003,139600.0,39200.0,Therlet 4,25.0,OK
9115,3/17/2024 4:30:00 AM,Tanque 1002,128800.0,37280.0,Therlet 4,27.0,OK
9119,3/17/2024 6:54:00 AM,Tanque 1001,132200.0,37500.0,Therlet 4,27.0,OK
9121,3/17/2024 7:30:00 AM,Tanque 1002,142000.0,41000.0,Therlet 4,26.0,OK
9123,3/17/2024 8:30:00 AM,Tanque 1003,144500.0,38900.0,Therlet 4,26.0,OK
9125,3/17/2024 9:30:00 AM,Tanque 1003,135500.0,38600.0,Therlet 4,24.0,OK
9129,3/17/2024 11:30:00 AM,Tanque 1001,138600.0,40120.0,Therlet 4,25.0,OK
9131,3/17/2024 12:30:00 PM,Tanque 1002,146800.0,38900.0,Therlet 4,27.0,OK
9134,3/17/2024 2:34:00 PM,Tanque 1001,131600.0,36960.0,Therlet 4,26.0,OK
9138,3/17/2024 4:26:00 PM,Tanque 1003,127200.0,37200.0,Therlet 4,26.0,OK
9142,3/17/2024 6:40:00 PM,Tanque 1002,137600.0,37520.0,Therlet 4,27.0,OK
9145,3/17/2024 8:25:00 PM,Tanque 1003,130000.0,38080.0,Therlet 4,24.0,OK
9150,3/17/2024 11:36:00 PM,Tanque 1003,134400.0,38480.0,Therlet 4,25.0,OK
9154,3/18/2024 1:30:00 AM,Tanque 1002,142300.0,41200.0,Therlet 4,26.0,OK
9158,3/18/2024 3:31:00 AM,Tanque 1001,153000.0,43600.0,Therlet 4,26.0,OK
9175,3/18/2024 11:30:00 AM,Tanque 1002,142800.0,37600.0,Therlet 4,28.0,OK
9180,3/18/2024 2:34:00 PM,Tanque 1003,128000.0,37040.0,Therlet 4,27.0,OK
9184,3/18/2024 4:30:00 PM,Tanque 1003,133200.0,38960.0,Therlet 4,28.0,OK
9189,3/18/2024 7:22:00 PM,Tanque 1002,134400.0,37840.0,Therlet 4,28.0,OK
9199,3/19/2024 1:30:00 AM,Tanque 1003,152400.0,40720.0,Therlet 4,27.0,OK
9208,3/19/2024 5:30:00 AM,Tanque 1002,123200.0,38880.0,Therlet 4,28.0,OK
9214,3/19/2024 8:33:00 AM,Tanque 1003,141000.0,40120.0,Therlet 4,27.0,OK
9218,3/19/2024 10:30:00 AM,Tanque 1002,138800.0,39000.0,Therlet 4,25.0,OK
9221,3/19/2024 12:30:00 PM,Tanque 1003,117000.0,35800.0,Therlet 4,28.0,OK
9236,3/19/2024 9:42:00 PM,Tanque 1001,130000.0,38000.0,Therlet 4,28.0,OK
9246,3/20/2024 2:30:00 AM,Tanque 1003,111600.0,34080.0,Therlet 4,25.0,OK
9252,3/20/2024 6:30:00 AM,Tanque 1002,136600.0,37500.0,Therlet 4,28.0,OK
9258,3/20/2024 9:32:00 AM,Tanque 1003,118700.0,36000.0,Therlet 4,27.0,OK
9264,3/20/2024 12:48:00 PM,Tanque 1001,131200.0,33490.0,Therlet 4,27.0,OK
9277,3/20/2024 8:40:00 PM,Tanque 1001,132600.0,35400.0,Therlet 4,28.0,OK
9291,3/21/2024 5:30:00 AM,Tanque 1001,146000.0,41200.0,Therlet 4,26.0,OK
,,,,,,,
"Filtros aplicados:
COZEDOR é Therlet 4
DATA_HORA é igual a ou está depois de 13/03/2024 00:00:00 e está antes de 22/03/2024 00:00:00",,,,,,,
